driverId,driverRef,number,code,forename,surname,DOB,nationality
1,hamilton,44,HAM,Lewis,Hamilton,1/7/1985,British
2,heidfeld,,HEI,Nick,Heidfeld,5/10/1977,German
3,rosberg,6,ROS,Nico,Rosberg,6/27/1985,German
4,alonso,14,ALO,Fernando,Alonso,7/29/1981,Spanish
5,kovalainen,,KOV,Heikki,Kovalainen,10/19/1981,Finnish
6,nakajima,,NAK,Kazuki,Nakajima,1/11/1985,Japanese
7,bourdais,,BOU,Sébastien,Bourdais,2/28/1979,French
8,raikkonen,7,RAI,Kimi,Räikkönen,10/17/1979,Finnish
9,kubica,88,KUB,Robert,Kubica,12/7/1984,Polish
10,glock,,GLO,Timo,Glock,3/18/1982,German
11,sato,,SAT,Takuma,Sato,1/28/1977,Japanese
12,piquet_jr,,PIQ,Nelson,Piquet Jr.,7/25/1985,Brazilian
13,massa,19,MAS,Felipe,Massa,4/25/1981,Brazilian
14,coulthard,,COU,David,Coulthard,3/27/1971,British
15,trulli,,TRU,Jarno,Trulli,7/13/1974,Italian
16,sutil,99,SUT,Adrian,Sutil,1/11/1983,German
17,webber,,WEB,Mark,Webber,8/27/1976,Australian
18,button,22,BUT,Jenson,Button,1/19/1980,British
19,davidson,,DAV,Anthony,Davidson,4/18/1979,British
20,vettel,5,VET,Sebastian,Vettel,7/3/1987,German
21,fisichella,,FIS,Giancarlo,Fisichella,1/14/1973,Italian
22,barrichello,,BAR,Rubens,Barrichello,5/23/1972,Brazilian
23,ralf_schumacher,,SCH,Ralf,Schumacher,6/30/1975,German
24,liuzzi,,LIU,Vitantonio,Liuzzi,8/6/1980,Italian
25,wurz,,WUR,Alexander,Wurz,2/15/1974,Austrian
26,speed,,SPE,Scott,Speed,1/24/1983,American
27,albers,,ALB,Christijan,Albers,4/16/1979,Dutch
28,markus_winkelhock,,WIN,Markus,Winkelhock,6/13/1980,German
29,yamamoto,,YAM,Sakon,Yamamoto,7/9/1982,Japanese
30,michael_schumacher,,MSC,Michael,Schumacher,1/3/1969,German
31,montoya,,MON,Juan,Pablo Montoya,9/20/1975,Colombian
32,klien,,KLI,Christian,Klien,2/7/1983,Austrian
33,monteiro,,TMO,Tiago,Monteiro,7/24/1976,Portuguese
34,ide,,IDE,Yuji,Ide,1/21/1975,Japanese
35,villeneuve,,VIL,Jacques,Villeneuve,4/9/1971,Canadian
36,montagny,,FMO,Franck,Montagny,1/5/1978,French
37,rosa,,DLR,Pedro,de la Rosa,2/24/1971,Spanish
38,doornbos,,DOO,Robert,Doornbos,9/23/1981,Dutch
39,karthikeyan,,KAR,Narain,Karthikeyan,1/14/1977,Indian
40,friesacher,,FRI,Patrick,Friesacher,9/26/1980,Austrian
41,zonta,,ZON,Ricardo,Zonta,3/23/1976,Brazilian
42,pizzonia,,PIZ,Antônio,Pizzonia,9/11/1980,Brazilian
43,matta,,,Cristiano,da Matta,9/19/1973,Brazilian
44,panis,,,Olivier,Panis,9/2/1966,French
45,pantano,,,Giorgio,Pantano,2/4/1979,Italian
46,bruni,,,Gianmaria,Bruni,5/30/1981,Italian
47,baumgartner,,,Zsolt,Baumgartner,1/1/1981,Hungarian
48,gene,,,Marc,Gené,3/29/1974,Spanish
49,frentzen,,,Heinz-Harald,Frentzen,5/18/1967,German
50,verstappen,,,Jos,Verstappen,3/4/1972,Dutch
51,wilson,,,Justin,Wilson,7/31/1978,British
52,firman,,,Ralph,Firman,5/20/1975,Irish
53,kiesa,,,Nicolas,Kiesa,3/3/1978,Danish
54,burti,,,Luciano,Burti,3/5/1975,Brazilian
55,alesi,,,Jean,Alesi,6/11/1964,French
56,irvine,,,Eddie,Irvine,11/10/1965,British
57,hakkinen,,,Mika,Häkkinen,9/28/1968,Finnish
58,marques,,,Tarso,Marques,1/19/1976,Brazilian
59,bernoldi,,,Enrique,Bernoldi,10/19/1978,Brazilian
60,mazzacane,,,Gastón,Mazzacane,5/8/1975,Argentine
61,enge,,,Tomáš,Enge,9/11/1976,Czech
62,yoong,,,Alex,Yoong,7/20/1976,Malaysian
63,salo,,,Mika,Salo,11/30/1966,Finnish
64,diniz,,,Pedro,Diniz,5/22/1970,Brazilian
65,herbert,,,Johnny,Herbert,6/25/1964,British
66,mcnish,,,Allan,McNish,12/29/1969,British
67,buemi,,BUE,Sébastien,Buemi,10/31/1988,Swiss
68,takagi,,,Toranosuke,Takagi,2/12/1974,Japanese
69,badoer,,BAD,Luca,Badoer,1/25/1971,Italian
70,zanardi,,,Alessandro,Zanardi,10/23/1966,Italian
71,damon_hill,,,Damon,Hill,9/17/1960,British
72,sarrazin,,,Stéphane,Sarrazin,11/2/1975,French
73,rosset,,,Ricardo,Rosset,7/27/1968,Brazilian
74,tuero,,,Esteban,Tuero,4/22/1978,Argentine
75,nakano,,,Shinji,Nakano,4/1/1971,Japanese
76,magnussen,,MAG,Jan,Magnussen,7/4/1973,Danish
77,berger,,,Gerhard,Berger,8/27/1959,Austrian
78,larini,,,Nicola,Larini,3/19/1964,Italian
79,katayama,,,Ukyo,Katayama,5/29/1963,Japanese
80,sospiri,,,Vincenzo,Sospiri,10/7/1966,Italian
81,morbidelli,,,Gianni,Morbidelli,1/13/1968,Italian
82,fontana,,,Norberto,Fontana,1/20/1975,Argentine
83,lamy,,,Pedro,Lamy,3/20/1972,Portuguese
84,brundle,,,Martin,Brundle,6/1/1959,British
85,montermini,,,Andrea,Montermini,5/30/1964,Italian
86,lavaggi,,,Giovanni,Lavaggi,2/18/1958,Italian
87,blundell,,,Mark,Blundell,4/8/1966,British
88,suzuki,,,Aguri,Suzuki,9/8/1960,Japanese
89,inoue,,,Taki,Inoue,9/5/1963,Japanese
90,moreno,,,Roberto,Moreno,2/11/1959,Brazilian
91,wendlinger,,,Karl,Wendlinger,12/20/1968,Austrian
92,gachot,,,Bertrand,Gachot,12/23/1962,Belgian
93,schiattarella,,,Domenico,Schiattarella,11/17/1967,Italian
94,martini,,,Pierluigi,Martini,4/23/1961,Italian
95,mansell,,,Nigel,Mansell,8/8/1953,British
96,boullion,,,Jean-Christophe,Boullion,12/27/1969,French
97,papis,,,Massimiliano,Papis,10/3/1969,Italian
98,deletraz,,,Jean-Denis,Délétraz,10/1/1963,Swiss
99,tarquini,,,Gabriele,Tarquini,3/2/1962,Italian
100,comas,,,Érik,Comas,9/28/1963,French
101,brabham,,,David,Brabham,9/5/1965,Australian
102,senna,,,Ayrton,Senna,3/21/1960,Brazilian
103,bernard,,,Éric,Bernard,8/24/1964,French
104,fittipaldi,,,Christian,Fittipaldi,1/18/1971,Brazilian
105,alboreto,,,Michele,Alboreto,12/23/1956,Italian
106,beretta,,,Olivier,Beretta,11/23/1969,Monegasque
107,ratzenberger,,,Roland,Ratzenberger,7/4/1960,Austrian
108,belmondo,,,Paul,Belmondo,4/23/1963,French
109,lehto,,,Jyrki,Järvilehto,1/31/1966,Finnish
110,cesaris,,,Andrea,de Cesaris,5/31/1959,Italian
111,gounon,,,Jean-Marc,Gounon,1/1/1963,French
112,alliot,,,Philippe,Alliot,7/27/1954,French
113,adams,,,Philippe,Adams,11/19/1969,Belgian
114,dalmas,,,Yannick,Dalmas,7/28/1961,French
115,noda,,,Hideki,Noda,3/7/1969,Japanese
116,lagorce,,,Franck,Lagorce,9/1/1968,French
117,prost,,,Alain,Prost,2/24/1955,French
118,warwick,,,Derek,Warwick,8/27/1954,British
119,patrese,,,Riccardo,Patrese,4/17/1954,Italian
120,barbazza,,,Fabrizio,Barbazza,4/2/1963,Italian
121,andretti,,,Michael,Andretti,10/5/1962,American
122,capelli,,,Ivan,Capelli,5/24/1963,Italian
123,boutsen,,,Thierry,Boutsen,7/13/1957,Belgian
124,apicella,,,Marco,Apicella,10/7/1965,Italian
125,naspetti,,,Emanuele,Naspetti,2/24/1968,Italian
126,toshio_suzuki,,,Toshio,Suzuki,3/10/1955,Japanese
127,gugelmin,,,Maurício,Gugelmin,4/20/1963,Brazilian
128,poele,,,Eric,van de Poele,9/30/1961,Belgian
129,grouillard,,,Olivier,Grouillard,9/2/1958,French
130,chiesa,,,Andrea,Chiesa,5/6/1964,Swiss
131,modena,,,Stefano,Modena,5/12/1963,Italian
132,amati,,,Giovanna,Amati,7/20/1959,Italian
133,caffi,,,Alex,Caffi,3/18/1964,Italian
134,bertaggia,,,Enrico,Bertaggia,9/19/1964,Italian
135,mccarthy,,,Perry,McCarthy,3/3/1961,British
136,lammers,,,Jan,Lammers,6/2/1956,Dutch
137,piquet,,,Nelson,Piquet,8/17/1952,Brazilian
138,satoru_nakajima,,,Satoru,Nakajima,2/23/1953,Japanese
139,pirro,,,Emanuele,Pirro,1/12/1962,Italian
140,johansson,,,Stefan,Johansson,9/8/1956,Swedish
141,bailey,,,Julian,Bailey,10/9/1961,British
142,chaves,,,Pedro,Chaves,2/27/1965,Portuguese
143,bartels,,,Michael,Bartels,3/8/1968,German
144,hattori,,,Naoki,Hattori,6/13/1966,Japanese
145,nannini,,,Alessandro,Nannini,7/7/1959,Italian
146,schneider,,,Bernd,Schneider,7/20/1964,German
147,barilla,,,Paolo,Barilla,4/20/1961,Italian
148,foitek,,,Gregor,Foitek,3/27/1965,Swiss
149,langes,,,Claudio,Langes,7/20/1960,Italian
150,gary_brabham,,,Gary,Brabham,3/29/1961,Australian
151,donnelly,,,Martin,Donnelly,3/26/1964,British
152,giacomelli,,,Bruno,Giacomelli,9/10/1952,Italian
153,alguersuari,,ALG,Jaime,Alguersuari,3/23/1990,Spanish
154,grosjean,8,GRO,Romain,Grosjean,4/17/1986,French
155,kobayashi,10,KOB,Kamui,Kobayashi,9/13/1986,Japanese
156,palmer,,,Jonathan,Palmer,11/7/1956,British
157,danner,,,Christian,Danner,4/4/1958,German
158,cheever,,,Eddie,Cheever,1/10/1958,American
159,sala,,,Luis,Pérez-Sala,5/15/1959,Spanish
160,ghinzani,,,Piercarlo,Ghinzani,1/16/1952,Italian
161,weidler,,,Volker,Weidler,3/18/1962,German
162,raphanel,,,Pierre-Henri,Raphanel,5/27/1961,French
163,arnoux,,,René,Arnoux,7/4/1948,French
164,joachim_winkelhock,,,Joachim,Winkelhock,10/24/1960,German
165,larrauri,,,Oscar,Larrauri,8/19/1954,Argentine
166,streiff,,,Philippe,Streiff,6/26/1955,French
167,campos,,,Adrián,Campos,6/17/1960,Spanish
168,schlesser,,,Jean-Louis,Schlesser,9/12/1948,French
169,fabre,,,Pascal,Fabre,1/9/1960,French
170,fabi,,,Teo,Fabi,3/9/1955,Italian
171,forini,,,Franco,Forini,9/22/1958,Swiss
172,laffite,,,Jacques,Laffite,11/21/1943,French
173,angelis,,,Elio,de Angelis,3/26/1958,Italian
174,dumfries,,,Johnny,Dumfries,4/26/1958,British
175,tambay,,,Patrick,Tambay,6/25/1949,French
176,surer,,,Marc,Surer,9/18/1951,Swiss
177,keke_rosberg,,,Keke,Rosberg,12/6/1948,Finnish
178,jones,,,Alan,Jones,11/2/1946,Australian
179,rothengatter,,,Huub,Rothengatter,10/8/1954,Dutch
180,berg,,,Allen,Berg,8/1/1961,Canadian
181,manfred_winkelhock,,,Manfred,Winkelhock,10/6/1951,German
182,lauda,,,Niki,Lauda,2/22/1949,Austrian
183,hesnault,,,François,Hesnault,12/30/1956,French
184,baldi,,,Mauro,Baldi,1/31/1954,Italian
185,bellof,,,Stefan,Bellof,11/20/1957,German
186,acheson,,,Kenny,Acheson,11/27/1957,British
187,watson,,,John,Watson,5/4/1946,British
188,cecotto,,,Johnny,Cecotto,1/25/1956,Venezuelan
189,gartner,,,Jo,Gartner,1/24/1954,Austrian
190,corrado_fabi,,,Corrado,Fabi,4/12/1961,Italian
191,thackwell,,,Mike,Thackwell,3/30/1961,New Zealander
192,serra,,,Chico,Serra,2/3/1957,Brazilian
193,sullivan,,,Danny,Sullivan,3/9/1950,American
194,salazar,,,Eliseo,Salazar,11/14/1954,Chilean
195,guerrero,,,Roberto,Guerrero,11/16/1958,Colombian
196,boesel,,,Raul,Boesel,12/4/1957,Brazilian
197,jarier,,,Jean-Pierre,Jarier,7/10/1946,French
198,villeneuve_sr,,,Jacques,Villeneuve Sr.,11/4/1953,Canadian
199,reutemann,,,Carlos,Reutemann,4/12/1942,Argentine
200,mass,,,Jochen,Mass,9/30/1946,German
201,borgudd,,,Slim,Borgudd,11/25/1946,Swedish
202,pironi,,,Didier,Pironi,3/26/1952,French
203,gilles_villeneuve,,,Gilles,Villeneuve,1/18/1950,Canadian
204,paletti,,,Riccardo,Paletti,6/15/1958,Italian
205,henton,,,Brian,Henton,9/19/1946,British
206,daly,,,Derek,Daly,3/11/1953,Irish
207,mario_andretti,,,Mario,Andretti,2/28/1940,American
208,villota,,,Emilio,de Villota,7/26/1946,Spanish
209,lees,,,Geoff,Lees,5/1/1951,British
210,byrne,,,Tommy,Byrne,5/6/1958,Irish
211,keegan,,,Rupert,Keegan,2/26/1955,British
212,rebaque,,,Hector,Rebaque,2/5/1956,Mexican
213,gabbiani,,,Beppe,Gabbiani,1/2/1957,Italian
214,cogan,,,Kevin,Cogan,3/31/1956,American
215,guerra,,,Miguel Ángel,Guerra,8/31/1953,Argentine
216,stohr,,,Siegfried,Stohr,10/10/1952,Italian
217,zunino,,,Ricardo,Zunino,4/13/1949,Argentine
218,londono,,,Ricardo,Londoño,8/8/1949,Colombian
219,jabouille,,,Jean-Pierre,Jabouille,10/1/1942,French
220,francia,,,Giorgio,Francia,11/8/1947,Italian
221,depailler,,,Patrick,Depailler,8/9/1944,French
222,scheckter,,,Jody,Scheckter,1/29/1950,South African
223,regazzoni,,,Clay,Regazzoni,9/5/1939,Swiss
224,emerson_fittipaldi,,,Emerson,Fittipaldi,12/12/1946,Brazilian
225,kennedy,,,Dave,Kennedy,1/15/1953,Irish
226,south,,,Stephen,South,2/19/1952,British
227,needell,,,Tiff,Needell,10/29/1951,British
228,desire_wilson,,,Desiré,Wilson,11/26/1953,South African
229,ertl,,,Harald,Ertl,8/31/1948,Austrian
230,brambilla,,,Vittorio,Brambilla,11/11/1937,Italian
231,hunt,,,James,Hunt,8/29/1947,British
232,merzario,,,Arturo,Merzario,3/11/1943,Italian
233,stuck,,,Hans-Joachim,Stuck,1/1/1951,German
234,brancatelli,,,Gianfranco,Brancatelli,1/18/1950,Italian
235,ickx,,,Jacky,Ickx,1/1/1945,Belgian
236,gaillard,,,Patrick,Gaillard,2/12/1952,French
237,ribeiro,,,Alex,Ribeiro,11/7/1948,Brazilian
238,peterson,,,Ronnie,Peterson,2/14/1944,Swedish
239,lunger,,,Brett,Lunger,11/14/1945,American
240,ongais,,,Danny,Ongais,5/21/1942,American
241,leoni,,,Lamberto,Leoni,5/24/1953,Italian
242,galica,,,Divina,Galica,8/13/1944,British
243,stommelen,,,Rolf,Stommelen,7/11/1943,German
244,colombo,,,Alberto,Colombo,2/23/1946,Italian
245,trimmer,,,Tony,Trimmer,1/24/1943,British
246,binder,,,Hans,Binder,6/12/1948,Austrian
247,bleekemolen,,,Michael,Bleekemolen,10/2/1949,Dutch
248,gimax,,,Carlo,Franchi,1/1/1938,Italian
249,rahal,,,Bobby,Rahal,1/10/1953,American
250,pace,,,Carlos,Pace,10/6/1944,Brazilian
251,ian_scheckter,,,Ian,Scheckter,8/22/1947,South African
252,pryce,,,Tom,Pryce,6/11/1949,British
253,hoffmann,,,Ingo,Hoffmann,2/28/1953,Brazilian
254,zorzi,,,Renzo,Zorzi,12/12/1946,Italian
255,nilsson,,,Gunnar,Nilsson,11/20/1948,Swedish
256,perkins,,,Larry,Perkins,3/18/1950,Australian
257,hayje,,,Boy,Lunger,5/3/1949,Dutch
258,neve,,,Patrick,Nève,10/13/1949,Belgian
259,purley,,,David,Purley,1/26/1945,British
260,andersson,,,Conny,Andersson,12/28/1939,Swedish
261,dryver,,,Bernard,de Dryver,9/19/1952,Belgian
262,oliver,,,Jackie,Oliver,8/14/1942,British
263,kozarowitzky,,,Mikko,Kozarowitzky,5/17/1948,Finnish
264,sutcliffe,,,Andy,Sutcliffe,5/9/1947,British
265,edwards,,,Guy,Edwards,12/30/1942,British
266,mcguire,,,Brian,McGuire,12/13/1945,Australian
267,schuppan,,,Vern,Schuppan,3/19/1943,Australian
268,heyer,,,Hans,Heyer,3/16/1943,German
269,pilette,,,Teddy,Pilette,7/26/1942,Belgian
270,ashley,,,Ian,Ashley,10/26/1947,British
271,kessel,,,Loris,Kessel,4/1/1950,Swiss
272,takahashi,,,Kunimitsu,Takahashi,1/29/1940,Japanese
273,hoshino,,,Kazuyoshi,Hoshino,7/1/1947,Japanese
274,takahara,,,Noritake,Takahara,6/6/1951,Japanese
275,lombardi,,,Lella,Lombardi,3/26/1941,Italian
276,evans,,,Bob,Evans,6/11/1947,British
277,leclere,,,Michel,Leclère,3/18/1946,French
278,amon,,,Chris,Amon,7/20/1943,New Zealander
279,zapico,,,Emilio,Zapico,5/27/1944,Spanish
280,pescarolo,,,Henri,Pescarolo,9/25/1942,French
281,nelleman,,,Jac,Nelleman,4/19/1944,Danish
282,magee,,,Damien,Magee,11/17/1945,British
283,wilds,,,Mike,Wilds,1/7/1946,British
284,pesenti_rossi,,,Alessandro,Pesenti-Rossi,8/31/1942,Italian
285,stuppacher,,,Otto,Stuppacher,3/3/1947,Austrian
286,brown,,,Warwick,Brown,12/24/1949,Australian
287,hasemi,,,Masahiro,Hasemi,11/13/1945,Japanese
288,donohue,,,Mark,Donohue,3/18/1937,American
289,hill,,,Graham,Hill,2/15/1929,British
290,wilson_fittipaldi,,,Wilson,Fittipaldi,12/25/1943,Brazilian
291,tunmer,,,Guy,Tunmer,12/1/1948,South African
292,keizan,,,Eddie,Keizan,9/12/1944,South African
293,charlton,,,Dave,Charlton,10/27/1936,South African
294,brise,,,Tony,Brise,3/28/1952,British
295,wunderink,,,Roelof,Wunderink,12/12/1948,Dutch
296,migault,,,François,Migault,12/4/1944,French
297,palm,,,Torsten,Palm,7/23/1947,Swedish
298,lennep,,,Gijs,van Lennep,3/16/1942,Dutch
299,fushida,,,Hiroshi,Fushida,3/10/1946,Japanese
300,nicholson,,,John,Nicholson,10/6/1941,New Zealander
301,morgan,,,Dave,Morgan,8/7/1944,British
302,crawford,,,Jim,Crawford,2/13/1948,British
303,vonlanthen,,,Jo,Vonlanthen,5/31/1942,Swiss
304,hulme,,,Denny,Hulme,6/18/1936,New Zealander
305,hailwood,,,Mike,Hailwood,4/2/1940,British
306,beltoise,,,Jean-Pierre,Beltoise,4/26/1937,French
307,ganley,,,Howden,Ganley,12/24/1941,New Zealander
308,robarts,,,Richard,Robarts,9/22/1944,British
309,revson,,,Peter,Revson,2/27/1939,American
310,driver,,,Paddy,Driver,5/13/1934,South African
311,belso,,,Tom,Belsø,8/27/1942,Danish
312,redman,,,Brian,Redman,3/9/1937,British
313,opel,,,Rikky,von Opel,10/14/1947,Liechtensteiner
314,schenken,,,Tim,Schenken,9/26/1943,Australian
315,larrousse,,,Gérard,Larrousse,5/23/1940,French
316,kinnunen,,,Leo,Kinnunen,8/5/1943,Finnish
317,wisell,,,Reine,Wisell,9/30/1941,Swedish
318,roos,,,Bertil,Roos,10/12/1943,Swedish
319,dolhem,,,José,Dolhem,4/26/1944,French
320,gethin,,,Peter,Gethin,2/21/1940,British
321,bell,,,Derek,Bell,10/31/1941,British
322,hobbs,,,David,Hobbs,6/9/1939,British
323,quester,,,Dieter,Quester,5/30/1939,Austrian
324,koinigg,,,Helmuth,Koinigg,11/3/1948,Austrian
325,facetti,,,Carlo,Facetti,6/26/1935,Italian
326,wietzes,,,Eppie,Wietzes,5/28/1938,Canadian
327,cevert,,,François,Cevert,2/25/1944,French
328,stewart,,,Jackie,Stewart,6/11/1939,British
329,beuttler,,,Mike,Beuttler,4/13/1940,British
330,galli,,,Nanni,Galli,10/2/1940,Italian
331,bueno,,,Luiz,Bueno,1/16/1937,Brazilian
332,follmer,,,George,Follmer,1/27/1934,American
333,adamich,,,Andrea,de Adamich,10/3/1941,Italian
334,pretorius,,,Jackie,Pretorius,11/22/1934,South African
335,williamson,,,Roger,Williamson,2/2/1948,British
336,mcrae,,,Graham,McRae,3/5/1940,New Zealander
337,marko,,,Helmut,Marko,4/27/1943,Austrian
338,walker,,,David,Walker,6/10/1941,Australian
339,roig,,,Alex,Soler-Roig,10/29/1932,Spanish
340,love,,,John,Love,12/7/1924,Rhodesian
341,surtees,,,John,Surtees,2/11/1934,British
342,barber,,,Skip,Barber,11/16/1936,American
343,brack,,,Bill,Brack,12/26/1935,Canadian
344,posey,,,Sam,Posey,5/26/1944,American
345,rodriguez,,,Pedro,Rodríguez,1/18/1940,Mexican
346,siffert,,,Jo,Siffert,7/7/1936,Swiss
347,bonnier,,,Jo,Bonnier,1/31/1930,Swedish
348,mazet,,,François,Mazet,2/24/1943,French
349,jean,,,Max,Jean,7/27/1943,French
350,elford,,,Vic,Elford,6/10/1935,British
351,moser,,,Silvio,Moser,4/24/1941,Swiss
352,eaton,,,George,Eaton,11/12/1945,Canadian
353,lovely,,,Pete,Lovely,4/11/1926,American
354,craft,,,Chris,Craft,11/17/1939,British
355,Cannoc,,,John,Cannon,6/21/1933,Canadian
356,jack_brabham,,,Jack,Brabham,4/2/1926,Australian
357,miles,,,John,Miles,6/14/1943,British
358,rindt,,,Jochen,Rindt,4/18/1942,Austrian
359,gavin,,,Johnny,Servoz-Gavin,1/18/1942,French
360,mclaren,,,Bruce,McLaren,8/30/1937,New Zealander
361,courage,,,Piers,Courage,5/27/1942,British
362,klerk,,,Peter,de Klerk,3/16/1935,South African
363,giunti,,,Ignazio,Giunti,8/30/1941,Italian
364,gurney,,,Dan,Gurney,4/13/1931,American
365,hahne,,,Hubert,Hahne,3/28/1935,German
366,hutchison,,,Gus,Hutchison,4/26/1937,American
367,westbury,,,Peter,Westbury,5/26/1938,British
368,tingle,,,Sam,Tingle,8/24/1921,Rhodesian
369,rooyen,,,Basil,van Rooyen,4/19/1939,South African
370,attwood,,,Richard,Attwood,4/4/1940,British
371,pease,,,Al,Pease,10/15/1921,Canadian
372,cordts,,,John,Cordts,7/23/1935,Canadian
373,clark,,,Jim,Clark,3/4/1936,British
374,spence,,,Mike,Spence,12/30/1936,British
375,scarfiotti,,,Ludovico,Scarfiotti,10/18/1933,Italian
376,bianchi,,BIA,Lucien,Bianchi,11/10/1934,Belgian
377,jo_schlesser,,,Jo,Schlesser,5/18/1928,French
378,widdows,,,Robin,Widdows,5/27/1942,British
379,ahrens,,,Kurt,Ahrens,4/19/1940,German
380,gardner,,,Frank,Gardner,10/1/1930,Australian
381,unser,,,Bobby,Unser,2/20/1934,American
382,solana,,,Moisés,Solana,12/26/1935,Mexican
383,anderson,,,Bob,Anderson,5/19/1931,British
384,botha,,,Luki,Botha,1/16/1930,South African
385,bandini,,,Lorenzo,Bandini,12/21/1935,Italian
386,ginther,,,Richie,Ginther,8/5/1930,American
387,parkes,,,Mike,Parkes,9/24/1931,British
388,irwin,,,Chris,Irwin,6/27/1942,British
389,ligier,,,Guy,Ligier,7/12/1930,French
390,rees,,,Alan,Rees,1/12/1938,British
391,hart,,,Brian,Hart,9/7/1936,British
392,fisher,,,Mike,Fisher,3/13/1943,American
393,tom_jones,,,Tom,Jones,4/26/1943,American
394,baghetti,,,Giancarlo,Baghetti,12/25/1934,Italian
395,williams,,,Jonathan,Williams,10/26/1942,British
396,bondurant,,,Bob,Bondurant,4/27/1933,American
397,arundell,,,Peter,Arundell,11/8/1933,British
398,vic_wilson,,,Vic,Wilson,4/14/1931,British
399,taylor,,,John,Taylor,3/23/1933,British
400,lawrence,,,Chris,Lawrence,7/27/1933,British
401,trevor_taylor,,,Trevor,Taylor,12/26/1936,British
402,geki,,,Giacomo,Russo,10/23/1937,Italian
403,phil_hill,,,Phil,Hill,4/20/1927,American
404,ireland,,,Innes,Ireland,6/12/1930,British
405,bucknum,,,Ronnie,Bucknum,4/5/1936,American
406,hawkins,,,Paul,Hawkins,10/12/1937,Australian
407,prophet,,,David,Prophet,10/9/1937,British
408,maggs,,,Tony,Maggs,2/9/1937,South African
409,blokdyk,,,Trevor,Blokdyk,11/30/1935,South African
410,lederle,,,Neville,Lederle,9/25/1938,South African
411,serrurier,,,Doug,Serrurier,12/9/1920,South African
412,niemann,,,Brausch,Niemann,1/7/1939,South African
413,pieterse,,,Ernie,Pieterse,7/4/1938,South African
414,puzey,,,Clive,Puzey,7/11/1941,Rhodesian
415,reed,,,Ray,Reed,4/30/1932,South African
416,clapham,,,David,Clapham,5/18/1931,South African
417,blignaut,,,Alex,Blignaut,11/30/1932,South African
418,gregory,,,Masten,Gregory,2/29/1932,American
419,rhodes,,,John,Rhodes,8/18/1927,British
420,raby,,,Ian,Raby,9/22/1921,British
421,rollinson,,,Alan,Rollinson,5/15/1943,British
422,gubby,,,Brian,Gubby,4/17/1934,British
423,mitter,,,Gerhard,Mitter,8/30/1935,German
424,bussinello,,,Roberto,Bussinello,10/4/1927,Italian
425,vaccarella,,,Nino,Vaccarella,3/4/1933,Italian
426,bassi,,,Giorgio,Bassi,1/20/1934,Italian
427,trintignant,,,Maurice,Trintignant,10/30/1917,French
428,collomb,,,Bernard,Collomb,10/7/1930,French
429,andre_pilette,,,André,Pilette,10/6/1918,Belgian
430,beaufort,,,Carel Godin,de Beaufort,4/10/1934,Dutch
431,barth,,,Edgar,Barth,1/26/1917,German
432,cabral,,,Mário de Araújo,Cabral,1/15/1934,Portuguese
433,hansgen,,,Walt,Hansgen,10/28/1919,American
434,sharp,,,Hap,Sharp,1/1/1928,American
435,mairesse,,,Willy,Mairesse,10/1/1928,Belgian
436,campbell-jones,,,John,Campbell-Jones,1/21/1930,British
437,burgess,,,Ian,Burgess,7/6/1930,British
438,settember,,,Tony,Settember,7/10/1926,American
439,estefano,,,Nasif,Estéfano,11/18/1932,Argentine
440,hall,,,Jim,Hall,7/23/1935,American
441,parnell,,,Tim,Parnell,6/25/1932,British
442,kuhnke,,,Kurt,Kuhnke,4/30/1910,German
443,ernesto_brambilla,,,Ernesto,Brambilla,1/31/1934,Italian
444,lippi,,,Roberto,Lippi,10/17/1926,Italian
445,seiffert,,,Günther,Seiffert,10/18/1937,German
446,abate,,,Carlo,Abate,7/10/1932,Italian
447,starrabba,,,Gaetano,Starrabba,12/3/1932,Italian
448,broeker,,,Peter,Broeker,5/15/1926,Canadian
449,ward,,,Rodger,Ward,1/10/1921,American
450,vos,,,Ernie,de Vos,7/1/1941,Dutch
451,dochnal,,,Frank,Dochnal,10/8/1920,American
452,monarch,,,Thomas,Monarch,9/3/1945,American
842,gasly,10,GAS,Pierre,Gasly,2/7/1996,French
453,lewis,,,Jackie,Lewis,11/1/1936,British
454,ricardo_rodriguez,,,Ricardo,Rodríguez,2/14/1942,Mexican
455,seidel,,,Wolfgang,Seidel,7/4/1926,German
456,salvadori,,,Roy,Salvadori,5/12/1922,British
457,pon,,,Ben,Pon,12/9/1936,Dutch
458,slotemaker,,,Rob,Slotemaker,6/13/1929,Dutch
459,marsh,,,Tony,Marsh,7/20/1931,British
460,ashmore,,,Gerry,Ashmore,7/25/1936,British
461,schiller,,,Heinz,Schiller,1/25/1930,Swiss
462,davis,,,Colin,Davis,7/29/1933,British
463,chamberlain,,,Jay,Chamberlain,12/29/1925,American
464,shelly,,,Tony,Shelly,2/2/1937,New Zealander
465,greene,,,Keith,Greene,1/5/1938,British
466,walter,,,Heini,Walter,7/28/1927,Swiss
467,prinoth,,,Ernesto,Prinoth,4/15/1923,Italian
468,penske,,,Roger,Penske,2/20/1937,American
469,schroeder,,,Rob,Schroeder,5/11/1926,British
470,mayer,,,Timmy,Mayer,2/22/1938,American
471,johnstone,,,Bruce,Johnstone,1/30/1937,South African
472,harris,,,Mike,Harris,5/25/1939,South African
473,hocking,,,Gary,Hocking,9/30/1937,Rhodesian
474,vyver,,,Syd,van der Vyver,6/1/1920,South African
475,moss,,,Stirling,Moss,9/17/1929,British
476,trips,,,Wolfgang,von Trips,5/4/1928,German
477,allison,,,Cliff,Allison,2/8/1932,British
478,herrmann,,,Hans,Herrmann,2/23/1928,German
479,brooks,,,Tony,Brooks,2/25/1932,British
480,may,,,Michael,May,8/18/1934,Swiss
481,henry_taylor,,,Henry,Taylor,12/16/1932,British
482,gendebien,,,Olivier,Gendebien,1/12/1924,Belgian
483,scarlatti,,,Giorgio,Scarlatti,10/2/1921,Italian
484,naylor,,,Brian,Naylor,3/24/1923,British
485,bordeu,,,Juan Manuel,Bordeu,1/28/1934,Argentine
486,fairman,,,Jack,Fairman,3/15/1913,British
487,natili,,,Massimo,Natili,7/28/1935,Italian
488,monteverdi,,,Peter,Monteverdi,6/7/1934,Swiss
489,pirocchi,,,Renato,Pirocchi,3/26/1933,Italian
490,duke,,,Geoff,Duke,3/29/1923,British
491,thiele,,,Alfonso,Thiele,4/5/1920,American-Italian
492,boffa,,,Menato,Boffa,1/4/1930,Italian
493,ryan,,,Peter,Ryan,6/10/1940,Canadian
494,ruby,,,Lloyd,Ruby,1/12/1928,American
495,ken_miles,,,Ken,Miles,11/1/1918,British
496,menditeguy,,,Carlos,Menditeguy,8/10/1914,Argentine
497,larreta,,,Alberto Rodriguez,Larreta,1/14/1934,Argentine
498,gonzalez,,,José Froilán,González,10/5/1922,Argentine
499,bonomi,,,Roberto,Bonomi,9/30/1919,Argentine
500,munaron,,,Gino,Munaron,4/2/1928,Italian
501,schell,,,Harry,Schell,6/29/1921,American
502,stacey,,,Alan,Stacey,8/29/1933,British
503,chimeri,,,Ettore,Chimeri,6/4/1921,Venezuelan
504,creus,,,Antonio,Creus,10/28/1924,Spanish
505,bristow,,,Chris,Bristow,12/2/1937,British
506,halford,,,Bruce,Halford,5/18/1931,British
507,daigh,,,Chuck,Daigh,11/29/1923,American
508,reventlow,,,Lance,Reventlow,2/24/1936,American
509,rathmann,,,Jim,Rathmann,7/16/1928,American
510,goldsmith,,,Paul,Goldsmith,10/2/1925,American
511,branson,,,Don,Branson,6/2/1920,American
512,thomson,,,Johnny,Thomson,4/9/1922,American
513,johnson,,,Eddie,Johnson,2/10/1919,American
514,veith,,,Bob,Veith,11/1/1926,American
515,tingelstad,,,Bud,Tingelstad,4/4/1928,American
516,christie,,,Bob,Christie,4/4/1924,American
517,amick,,,Red,Amick,1/19/1929,American
518,darter,,,Duane,Carter,5/5/1913,American
519,homeier,,,Bill,Homeier,8/31/1918,American
520,hartley,,,Gene,Hartley,1/28/1926,American
521,stevenson,,,Chuck,Stevenson,10/15/1919,American
522,grim,,,Bobby,Grim,9/4/1924,American
523,templeman,,,Shorty,Templeman,8/12/1919,American
524,hurtubise,,,Jim,Hurtubise,12/5/1932,American
525,bryan,,,Jimmy,Bryan,1/28/1926,American
526,ruttman,,,Troy,Ruttman,3/11/1930,American
527,sachs,,,Eddie,Sachs,5/28/1927,American
528,freeland,,,Don,Freeland,3/25/1925,American
529,bettenhausen,,,Tony,Bettenhausen,9/12/1916,American
530,weiler,,,Wayne,Weiler,12/9/1934,American
531,foyt,,,Anthony,Foyt,1/16/1935,American
532,russo,,,Eddie,Russo,11/19/1925,American
533,boyd,,,Johnny,Boyd,8/19/1926,American
534,force,,,Gene,Force,6/15/1916,American
535,mcwithey,,,Jim,McWithey,7/4/1927,American
536,sutton,,,Len,Sutton,8/9/1925,American
537,dick_rathmann,,,Dick,Rathmann,1/6/1924,American
538,herman,,,Al,Herman,3/15/1927,American
539,dempsey_wilson,,,Dempsey,Wilson,3/11/1927,American
540,mike_taylor,,,Mike,Taylor,4/24/1934,British
541,flockhart,,,Ron,Flockhart,6/16/1923,British
542,piper,,,David,Piper,12/2/1930,British
543,cabianca,,,Giulio,Cabianca,2/19/1923,Italian
544,drogo,,,Piero,Drogo,8/8/1926,Italian
545,gamble,,,Fred,Gamble,3/17/1932,American
546,owen,,,Arthur,Owen,3/23/1915,British
547,gould,,,Horace,Gould,9/20/1918,British
548,drake,,,Bob,Drake,12/14/1919,American
549,bueb,,,Ivor,Bueb,6/6/1923,British
550,Changy,,,Alain,de Changy,2/5/1922,Belgian
551,filippis,,,Maria,de Filippis,11/11/1926,Italian
552,lucienbonnet,,,Jean,Lucienbonnet,1/7/1923,French
553,testut,,,André,Testut,4/13/1926,Monegasque
554,behra,,,Jean,Behra,2/16/1921,French
555,paul_russo,,,Paul,Russo,4/10/1914,American
556,daywalt,,,Jimmy,Daywalt,8/28/1924,American
557,arnold,,,Chuck,Arnold,5/30/1926,American
558,keller,,,Al,Keller,4/11/1920,American
559,flaherty,,,Pat,Flaherty,1/6/1926,American
560,cheesbourg,,,Bill,Cheesbourg,6/12/1927,American
561,ray_crawford,,,Ray,Crawford,10/26/1915,American
562,turner,,,Jack,Turner,2/12/1920,American
563,weyant,,,Chuck,Weyant,4/3/1923,American
564,larson,,,Jud,Larson,1/21/1923,American
565,magill,,,Mike,Magill,2/8/1920,American
566,shelby,,,Carroll,Shelby,1/11/1923,American
567,orey,,,Fritz,d'Orey,3/25/1938,Brazilian
568,fontes,,,Azdrubal,Fontes,12/26/1922,Uruguayan
569,ashdown,,,Peter,Ashdown,10/16/1934,British
570,bill_moss,,,Bill,Moss,9/4/1933,British
571,dennis_taylor,,,Dennis,Taylor,6/12/1921,British
572,blanchard,,,Harry,Blanchard,6/13/1929,American
573,tomaso,,,Alessandro,de Tomaso,7/10/1928,Argentine-Italian
574,constantine,,,George,Constantine,2/22/1918,American
575,said,,,Bob,Said,5/5/1932,American
576,cade,,,Phil,Cade,6/12/1916,American
577,musso,,,Luigi,Musso,7/28/1924,Italian
578,hawthorn,,,Mike,Hawthorn,4/10/1929,British
579,fangio,,,Juan,Fangio,6/24/1911,Argentine
580,godia,,,Paco,Godia,3/21/1921,Spanish
581,collins,,,Peter,Collins,11/6/1931,British
582,kavanagh,,,Ken,Kavanagh,12/12/1923,Australian
583,gerini,,,Gerino,Gerini,8/10/1928,Italian
584,kessler,,,Bruce,Kessler,3/23/1936,American
585,emery,,,Paul,Emery,11/12/1916,British
586,piotti,,,Luigi,Piotti,10/27/1913,Italian
587,ecclestone,,,Bernie,Ecclestone,10/28/1930,British
588,taramazzo,,,Luigi,Taramazzo,5/5/1932,Italian
589,chiron,,,Louis,Chiron,1899-08-03,Monegasque
590,lewis-evans,,,Stuart,Lewis-Evans,4/20/1930,British
591,george_amick,,,George,Amick,10/24/1924,American
592,reece,,,Jimmy,Reece,11/17/1929,American
593,parsons,,,Johnnie,Parsons,7/4/1918,American
594,tolan,,,Johnnie,Tolan,10/22/1917,American
595,garrett,,,Billy,Garrett,4/24/1933,American
596,elisian,,,Ed,Elisian,12/9/1926,American
597,connor,,,Pat,O'Connor,10/9/1928,American
598,jerry_unser,,,Jerry,Unser,11/15/1932,American
599,bisch,,,Art,Bisch,11/10/1926,American
600,goethals,,,Christian,Goethals,8/4/1928,Belgian
601,gibson,,,Dick,Gibson,4/16/1918,British
602,la_caze,,,Robert,La Caze,2/26/1917,French
603,guelfi,,,André,Guelfi,5/6/1919,French
604,picard,,,François,Picard,4/26/1921,French
605,bridger,,,Tom,Bridger,6/24/1934,British
606,portago,,,Alfonso,de Portago,10/11/1928,Spanish
607,perdisa,,,Cesare,Perdisa,10/21/1932,Italian
608,castellotti,,,Eugenio,Castellotti,10/10/1930,Italian
609,simon,,,André,Simon,1/5/1920,French
610,leston,,,Les,Leston,12/16/1920,British
611,hanks,,,Sam,Hanks,7/13/1914,American
612,linden,,,Andy,Linden,4/5/1922,American
613,teague,,,Marshall,Teague,2/22/1921,American
614,edmunds,,,Don,Edmunds,9/23/1930,American
615,agabashian,,,Fred,Agabashian,8/21/1913,American
616,george,,,Elmer,George,7/15/1928,American
617,macdowel,,,Mike,MacDowel,9/13/1932,British
618,mackay-fraser,,,Herbert,MacKay-Fraser,6/23/1927,American
619,gerard,,,Bob,Gerard,1/19/1914,British
620,maglioli,,,Umberto,Maglioli,6/5/1928,Italian
621,england,,,Paul,England,3/28/1929,Australian
622,landi,,,Chico,Landi,7/14/1907,Brazilian
623,uria,,,Alberto,Uria,7/11/1924,Uruguayan
624,ramos,,,Hernando,da Silva Ramos,12/7/1925,Brazilian
625,bayol,,,Élie,Bayol,2/28/1914,French
626,manzon,,,Robert,Manzon,4/12/1917,French
627,rosier,,,Louis,Rosier,11/5/1905,French
628,sweikert,,,Bob,Sweikert,5/20/1926,American
629,griffith,,,Cliff,Griffith,2/6/1916,American
630,dinsmore,,,Duke,Dinsmore,4/10/1913,American
631,andrews,,,Keith,Andrews,6/15/1920,American
632,frere,,,Paul,Frère,1/30/1917,Belgian
633,villoresi,,,Luigi,Villoresi,5/16/1909,Italian
634,scotti,,,Piero,Scotti,11/11/1909,Italian
635,chapman,,,Colin,Chapman,5/19/1928,British
636,titterington,,,Desmond,Titterington,5/1/1928,British
637,scott_Brown,,,Archie,Scott Brown,5/13/1927,British
638,volonterio,,,Ottorino,Volonterio,12/7/1917,Swiss
639,milhoux,,,André,Milhoux,12/9/1928,Belgian
640,graffenried,,,Toulo,de Graffenried,5/18/1914,Swiss
641,taruffi,,,Piero,Taruffi,10/12/1906,Italian
642,farina,,,Nino,Farina,10/30/1906,Italian
643,mieres,,,Roberto,Mieres,12/3/1924,Argentine
644,mantovani,,,Sergio,Mantovani,5/22/1929,Italian
645,bucci,,,Clemar,Bucci,9/4/1920,Argentine
646,iglesias,,,Jesús,Iglesias,2/22/1922,Argentine
647,ascari,,,Alberto,Ascari,7/13/1918,Italian
648,kling,,,Karl,Kling,9/16/1910,German
649,birger,,,Pablo,Birger,1/7/1924,Argentine
650,pollet,,,Jacques,Pollet,7/2/1922,French
651,macklin,,,Lance,Macklin,9/2/1919,British
652,whiteaway,,,Ted,Whiteaway,11/1/1928,British
653,davies,,,Jimmy,Davies,8/8/1929,American
654,faulkner,,,Walt,Faulkner,2/16/1920,American
655,niday,,,Cal,Niday,4/29/1914,American
656,cross,,,Art,Cross,1/24/1918,American
657,vukovich,,,Bill,Vukovich,12/13/1918,American
658,mcgrath,,,Jack,McGrath,10/8/1919,American
659,hoyt,,,Jerry,Hoyt,1/29/1929,American
660,claes,,,Johnny,Claes,8/11/1916,Belgian
661,peter_walker,,,Peter,Walker,10/7/1912,British
662,sparken,,,Mike,Sparken,6/16/1930,French
663,wharton,,,Ken,Wharton,3/21/1916,British
664,mcalpine,,,Kenneth,McAlpine,9/21/1920,British
665,marr,,,Leslie,Marr,8/14/1922,British
666,rolt,,,Tony,Rolt,10/16/1918,British
667,fitch,,,John,Fitch,8/4/1917,American
668,lucas,,,Jean,Lucas,4/25/1917,French
669,bira,,,Prince,Bira,7/15/1914,Thai
670,marimon,,,Onofre,Marimón,12/19/1923,Argentine
671,loyer,,,Roger,Loyer,8/5/1907,French
672,daponte,,,Jorge,Daponte,6/5/1923,Argentine
673,nazaruk,,,Mike,Nazaruk,10/2/1921,American
674,crockett,,,Larry,Crockett,10/23/1926,American
675,ayulo,,,Manny,Ayulo,10/20/1921,American
676,armi,,,Frank,Armi,10/12/1918,American
677,webb,,,Travis,Webb,10/8/1910,American
678,duncan,,,Len,Duncan,7/25/1911,American
679,mccoy,,,Ernie,McCoy,2/19/1921,American
680,swaters,,,Jacques,Swaters,10/30/1926,American
681,georges_berger,,,Georges,Berger,9/14/1918,Belgian
682,beauman,,,Don,Beauman,7/26/1928,British
683,thorne,,,Leslie,Thorne,6/23/1916,British
684,whitehouse,,,Bill,Whitehouse,4/1/1909,British
685,riseley_prichard,,,John,Riseley-Prichard,1/17/1924,British
686,reg_parnell,,,Reg,Parnell,7/2/1911,British
687,whitehead,,,Peter,Whitehead,11/12/1914,British
688,brandon,,,Eric,Brandon,7/18/1920,British
689,alan_brown,,,Alan,Brown,11/20/1919,British
690,nuckey,,,Rodney,Nuckey,6/26/1929,British
691,lang,,,Hermann,Lang,4/6/1909,German
692,helfrich,,,Theo,Helfrich,5/13/1913,German
693,wacker,,,Fred,Wacker,7/10/1918,American
694,riu,,,Giovanni,de Riu,3/10/1925,Italian
695,galvez,,,Oscar,Gálvez,8/17/1913,Argentine
696,john_barber,,,John,Barber,7/22/1929,British
697,bonetto,,,Felice,Bonetto,6/9/1903,Italian
698,cruz,,,Adolfo,Cruz,6/28/1923,Argentine
699,nalon,,,Duke,Nalon,3/2/1913,American
700,scarborough,,,Carl,Scarborough,7/3/1914,American
701,holland,,,Bill,Holland,12/18/1907,American
702,bob_scott,,,Bob,Scott,10/4/1928,American
703,legat,,,Arthur,Legat,1898-11-01,Belgian
704,cabantous,,,Yves,Cabantous,10/8/1904,French
705,crook,,,Tony,Crook,2/16/1920,British
706,jimmy_stewart,,,Jimmy,Stewart,3/6/1931,British
707,ian_stewart,,,Ian,Stewart,7/15/1929,British
708,duncan_hamilton,,,Duncan,Hamilton,4/30/1920,British
709,klodwig,,,Ernst,Klodwig,5/23/1903,East German
710,krause,,,Rudolf,Krause,3/30/1907,East German
711,karch,,,Oswald,Karch,3/6/1917,German
712,heeks,,,Willi,Heeks,2/13/1922,German
713,fitzau,,,Theo,Fitzau,2/10/1923,East German
714,adolff,,,Kurt,Adolff,11/5/1921,German
715,bechem,,,Günther,Bechem,12/21/1921,German
716,bauer,,,Erwin,Bauer,7/17/1912,German
717,hans_stuck,,,Hans,von Stuck,12/27/1900,German
718,loof,,,Ernst,Loof,7/4/1907,German
719,scherrer,,,Albert,Scherrer,2/28/1908,Swiss
720,terra,,,Max,de Terra,10/6/1918,Swiss
721,hirt,,,Peter,Hirt,3/30/1910,Swiss
722,carini,,,Piero,Carini,3/6/1921,Italian
723,fischer,,,Rudi,Fischer,4/19/1912,Swiss
724,ulmen,,,Toni,Ulmen,1/25/1906,German
725,abecassis,,,George,Abecassis,3/21/1913,British
726,george_connor,,,George,Connor,8/16/1906,American
727,rigsby,,,Jim,Rigsby,6/6/1923,American
728,james,,,Joe,James,5/23/1925,American
729,schindler,,,Bill,Schindler,3/6/1909,American
730,fonder,,,George,Fonder,6/22/1917,American
731,banks,,,Henry,Banks,6/14/1913,American
732,mcdowell,,,Johnny,McDowell,1/29/1915,American
733,miller,,,Chet,Miller,7/19/1902,American
734,ball,,,Bobby,Ball,8/26/1925,American
735,tornaco,,,Charles,de Tornaco,6/7/1927,Belgian
736,laurent,,,Roger,Laurent,2/21/1913,Belgian
737,obrien,,,Robert,O'Brien,4/11/1908,American
738,gaze,,,Tony,Gaze,2/3/1920,Australian
739,charrington,,,Robin,Montgomerie-Charrington,6/23/1915,British
740,comotti,,,Franco,Comotti,7/24/1906,Italian
741,etancelin,,,Philippe,Étancelin,1896-12-28,French
742,poore,,,Dennis,Poore,8/19/1916,British
743,thompson,,,Eric,Thompson,11/4/1919,British
744,downing,,,Ken,Downing,12/5/1917,British
745,graham_whitehead,,,Graham,Whitehead,4/15/1922,British
746,bianco,,,Gino,Bianco,7/22/1916,Brazilian
747,murray,,,David,Murray,12/28/1909,British
748,cantoni,,,Eitel,Cantoni,10/4/1906,Uruguayan
749,aston,,,Bill,Aston,3/29/1900,British
750,brudes,,,Adolf,Brudes,1899-10-15,German
751,riess,,,Fritz,Riess,7/11/1922,German
752,niedermayr,,,Helmut,Niedermayr,11/29/1915,German
753,klenk,,,Hans,Klenk,10/28/1919,German
754,balsa,,,Marcel,Balsa,1/1/1909,French
755,schoeller,,,Rudolf,Schoeller,4/27/1902,Swiss
756,pietsch,,,Paul,Pietsch,6/20/1911,German
757,peters,,,Josef,Peters,9/16/1914,German
758,lof,,,Dries,van der Lof,8/23/1919,Dutch
759,flinterman,,,Jan,Flinterman,10/2/1919,Dutch
760,dusio,,,Piero,Dusio,1899-10-13,Italian
761,crespo,,,Alberto,Crespo,1/16/1920,Argentine
762,rol,,,Franco,Rol,6/5/1908,Italian
763,sanesi,,,Consalvo,Sanesi,3/28/1911,Italian
764,guy_mairesse,,,Guy,Mairesse,8/10/1910,French
765,louveau,,,Henri,Louveau,1/25/1910,French
766,wallard,,,Lee,Wallard,9/7/1910,American
767,forberg,,,Carl,Forberg,3/4/1911,American
768,rose,,,Mauri,Rose,5/26/1906,American
769,mackey,,,Bill,Mackey,12/15/1927,American
770,green,,,Cecil,Green,9/30/1919,American
771,walt_brown,,,Walt,Brown,12/30/1911,American
772,hellings,,,Mack,Hellings,9/14/1915,American
773,levegh,,,Pierre,Levegh,12/22/1905,French
774,chaboud,,,Eugène,Chaboud,4/12/1907,French
775,gordini,,,Aldo,Gordini,5/20/1921,French
776,kelly,,,Joe,Kelly,3/13/1913,Irish
777,parker,,,Philip,Fotheringham-Parker,9/22/1907,British
778,shawe_taylor,,,Brian,Shawe Taylor,1/28/1915,British
779,john_james,,,John,James,5/10/1914,British
780,branca,,,Toni,Branca,9/15/1916,Swiss
781,richardson,,,Ken,Richardson,8/21/1911,British
782,jover,,,Juan,Jover,11/23/1903,Spanish
783,grignard,,,Georges,Grignard,7/25/1905,French
784,hampshire,,,David,Hampshire,12/29/1917,British
785,crossley,,,Geoff,Crossley,5/11/1921,British
786,fagioli,,,Luigi,Fagioli,1898-06-09,Italian
787,harrison,,,Cuth,Harrison,7/6/1906,British
788,fry,,,Joe,Fry,10/26/1915,British
789,martin,,,Eugène,Martin,3/24/1915,French
790,leslie_johnson,,,Leslie,Johnson,3/22/1912,British
791,biondetti,,,Clemente,Biondetti,1898-08-18,Italian
792,pian,,,Alfredo,Pián,10/21/1912,Argentine
793,sommer,,,Raymond,Sommer,8/31/1906,French
794,chitwood,,,Joie,Chitwood,4/14/1912,American
795,fohr,,,Myron,Fohr,6/17/1912,American
796,ader,,,Walt,Ader,12/15/1913,American
797,holmes,,,Jackie,Holmes,9/4/1920,American
798,levrett,,,Bayliss,Levrett,2/14/1914,American
799,jackson,,,Jimmy,Jackson,7/25/1910,American
800,pagani,,,Nello,Pagani,10/11/1911,Italian
801,pozzi,,,Charles,Pozzi,8/27/1909,French
802,serafini,,,Dorino,Serafini,7/22/1909,Italian
803,cantrell,,,Bill,Cantrell,1/31/1908,American
804,mantz,,,Johnny,Mantz,9/18/1918,American
805,kladis,,,Danny,Kladis,2/10/1917,American
806,oscar_gonzalez,,,Óscar,González,11/10/1923,Uruguayan
807,hulkenberg,27,HUL,Nico,Hülkenberg,8/19/1987,German
808,petrov,,PET,Vitaly,Petrov,9/8/1984,Russian
810,grassi,,DIG,Lucas,di Grassi,8/11/1984,Brazilian
811,bruno_senna,,SEN,Bruno,Senna,10/15/1983,Brazilian
812,chandhok,,CHA,Karun,Chandhok,1/19/1984,Indian
813,maldonado,13,MAL,Pastor,Maldonado,3/9/1985,Venezuelan
814,resta,,DIR,Paul,di Resta,4/16/1986,British
815,perez,11,PER,Sergio,Pérez,1/26/1990,Mexican
816,ambrosio,,DAM,Jérôme,d'Ambrosio,12/27/1985,Belgian
817,ricciardo,3,RIC,Daniel,Ricciardo,7/1/1989,Australian
818,vergne,25,VER,Jean-Éric,Vergne,4/25/1990,French
819,pic,,PIC,Charles,Pic,2/15/1990,French
820,chilton,4,CHI,Max,Chilton,4/21/1991,British
821,gutierrez,21,GUT,Esteban,Gutiérrez,8/5/1991,Mexican
822,bottas,77,BOT,Valtteri,Bottas,8/28/1989,Finnish
823,garde,,VDG,Giedo,van der Garde,4/25/1985,Dutch
824,jules_bianchi,17,BIA,Jules,Bianchi,8/3/1989,French
825,kevin_magnussen,20,MAG,Kevin,Magnussen,10/5/1992,Danish
826,kvyat,26,KVY,Daniil,Kvyat,4/26/1994,Russian
827,lotterer,45,LOT,André,Lotterer,11/19/1981,German
828,ericsson,9,ERI,Marcus,Ericsson,9/2/1990,Swedish
829,stevens,28,STE,Will,Stevens,6/28/1991,British
830,max_verstappen,33,VER,Max,Verstappen,9/30/1997,Dutch
831,nasr,12,NAS,Felipe,Nasr,8/21/1992,Brazilian
832,sainz,55,SAI,Carlos,Sainz,9/1/1994,Spanish
833,merhi,98,MER,Roberto,Merhi,3/22/1991,Spanish
834,rossi,53,RSS,Alexander,Rossi,9/25/1991,American
835,jolyon_palmer,30,PAL,Jolyon,Palmer,1/20/1991,British
836,wehrlein,94,WEH,Pascal,Wehrlein,10/18/1994,German
837,haryanto,88,HAR,Rio,Haryanto,1/22/1993,Indonesian
838,vandoorne,2,VAN,Stoffel,Vandoorne,3/26/1992,Belgian
839,ocon,31,OCO,Esteban,Ocon,9/17/1996,French
840,stroll,18,STR,Lance,Stroll,10/29/1998,Canadian
841,giovinazzi,99,GIO,Antonio,Giovinazzi,12/14/1993,Italian
843,brendon_hartley,28,HAR,Brendon,Hartley,11/10/1989,New Zealander
844,leclerc,16,LEC,Charles,Leclerc,10/16/1997,Monegasque
845,sirotkin,35,SIR,Sergey,Sirotkin,8/27/1995,Russian
846,norris,4,NOR,Lando,Norris,11/13/1999,British
847,russell,63,RUS,George,Russell,2/15/1998,British
848,albon,23,ALB,Alexander,Albon,3/23/1996,Thai
849,latifi,6,LAT,Nicholas,Latifi,6/29/1995,Canadian
850,pietro_fittipaldi,51,FIT,Pietro,Fittipaldi,6/25/1996,Brazilian
851,aitken,89,AIT,Jack,Aitken,9/23/1995,British
852,tsunoda,22,TSU,Yuki,Tsunoda,5/11/2000,Japanese
853,mazepin,9,MAZ,Nikita,Mazepin,3/2/1999,Russian
854,mick_schumacher,47,MSC,Mick,Schumacher,3/22/1999,German
855,zhou,24,ZHO,Guanyu,Zhou,5/30/1999,Chinese
856,de_vries,45,DEV,Nyck,de Vries,2/6/1995,Dutch
857,piastri,81,PIA,Oscar,Piastri,4/6/2001,Australian
858,sargeant,2,SAR,Logan,Sargeant,12/31/2000,American
