driverId,driverRef,number,code,forename,surname,nationality,DOB
1,hamilton,44,HAM,Lewis,Hamilton,British,1985-01-07
2,heidfeld,,HEI,Nick,Heidfeld,German,1977-05-10
3,rosberg,6,ROS,Nico,Rosberg,German,1985-06-27
4,alonso,14,ALO,Fernando,Alonso,Spanish,1981-07-29
5,kovalainen,,KOV,Heikki,Kovalainen,Finnish,1981-10-19
6,nakajima,,NAK,Kazuki,Nakajima,Japanese,1985-01-11
7,bourdais,,BOU,Sébastien,Bourdais,French,1979-02-28
8,raikkonen,7,RAI,Kimi,Räikkönen,Finnish,1979-10-17
9,kubica,88,KUB,Robert,Kubica,Polish,1984-12-07
10,glock,,GLO,Timo,Glock,German,1982-03-18
11,sato,,SAT,Takuma,Sato,Japanese,1977-01-28
12,piquet_jr,,PIQ,Nelson,Piquet Jr.,Brazilian,1985-07-25
13,massa,19,MAS,Felipe,Massa,Brazilian,1981-04-25
14,coulthard,,COU,David,Coulthard,British,1971-03-27
15,trulli,,TRU,Jarno,Trulli,Italian,1974-07-13
16,sutil,99,SUT,Adrian,Sutil,German,1983-01-11
17,webber,,WEB,Mark,Webber,Australian,1976-08-27
18,button,22,BUT,Jenson,Button,British,1980-01-19
19,davidson,,DAV,Anthony,Davidson,British,1979-04-18
20,vettel,5,VET,Sebastian,Vettel,German,1987-07-03
21,fisichella,,FIS,Giancarlo,Fisichella,Italian,1973-01-14
22,barrichello,,BAR,Rubens,Barrichello,Brazilian,1972-05-23
23,ralf_schumacher,,SCH,Ralf,Schumacher,German,1975-06-30
24,liuzzi,,LIU,Vitantonio,Liuzzi,Italian,1980-08-06
25,wurz,,WUR,Alexander,Wurz,Austrian,1974-02-15
26,speed,,SPE,Scott,Speed,American,1983-01-24
27,albers,,ALB,Christijan,Albers,Dutch,1979-04-16
28,markus_winkelhock,,WIN,Markus,Winkelhock,German,1980-06-13
29,yamamoto,,YAM,Sakon,Yamamoto,Japanese,1982-07-09
30,michael_schumacher,,MSC,Michael,Schumacher,German,1969-01-03
31,montoya,,MON,Juan,Pablo Montoya,Colombian,1975-09-20
32,klien,,KLI,Christian,Klien,Austrian,1983-02-07
33,monteiro,,TMO,Tiago,Monteiro,Portuguese,1976-07-24
34,ide,,IDE,Yuji,Ide,Japanese,1975-01-21
35,villeneuve,,VIL,Jacques,Villeneuve,Canadian,1971-04-09
36,montagny,,FMO,Franck,Montagny,French,1978-01-05
37,rosa,,DLR,Pedro,de la Rosa,Spanish,1971-02-24
38,doornbos,,DOO,Robert,Doornbos,Dutch,1981-09-23
39,karthikeyan,,KAR,Narain,Karthikeyan,Indian,1977-01-14
40,friesacher,,FRI,Patrick,Friesacher,Austrian,1980-09-26
41,zonta,,ZON,Ricardo,Zonta,Brazilian,1976-03-23
42,pizzonia,,PIZ,Antônio,Pizzonia,Brazilian,1980-09-11
43,matta,,,Cristiano,da Matta,Brazilian,1973-09-19
44,panis,,,Olivier,Panis,French,1966-09-02
45,pantano,,,Giorgio,Pantano,Italian,1979-02-04
46,bruni,,,Gianmaria,Bruni,Italian,1981-05-30
47,baumgartner,,,Zsolt,Baumgartner,Hungarian,1981-01-01
48,gene,,,Marc,Gené,Spanish,1974-03-29
49,frentzen,,,Heinz-Harald,Frentzen,German,1967-05-18
50,verstappen,,,Jos,Verstappen,Dutch,1972-03-04
51,wilson,,,Justin,Wilson,British,1978-07-31
52,firman,,,Ralph,Firman,Irish,1975-05-20
53,kiesa,,,Nicolas,Kiesa,Danish,1978-03-03
54,burti,,,Luciano,Burti,Brazilian,1975-03-05
55,alesi,,,Jean,Alesi,French,1964-06-11
56,irvine,,,Eddie,Irvine,British,1965-11-10
57,hakkinen,,,Mika,Häkkinen,Finnish,1968-09-28
58,marques,,,Tarso,Marques,Brazilian,1976-01-19
59,bernoldi,,,Enrique,Bernoldi,Brazilian,1978-10-19
60,mazzacane,,,Gastón,Mazzacane,Argentine,1975-05-08
61,enge,,,Tomáš,Enge,Czech,1976-09-11
62,yoong,,,Alex,Yoong,Malaysian,1976-07-20
63,salo,,,Mika,Salo,Finnish,1966-11-30
64,diniz,,,Pedro,Diniz,Brazilian,1970-05-22
65,herbert,,,Johnny,Herbert,British,1964-06-25
66,mcnish,,,Allan,McNish,British,1969-12-29
67,buemi,,BUE,Sébastien,Buemi,Swiss,1988-10-31
68,takagi,,,Toranosuke,Takagi,Japanese,1974-02-12
69,badoer,,BAD,Luca,Badoer,Italian,1971-01-25
70,zanardi,,,Alessandro,Zanardi,Italian,1966-10-23
71,damon_hill,,,Damon,Hill,British,1960-09-17
72,sarrazin,,,Stéphane,Sarrazin,French,1975-11-02
73,rosset,,,Ricardo,Rosset,Brazilian,1968-07-27
74,tuero,,,Esteban,Tuero,Argentine,1978-04-22
75,nakano,,,Shinji,Nakano,Japanese,1971-04-01
76,magnussen,,MAG,Jan,Magnussen,Danish,1973-07-04
77,berger,,,Gerhard,Berger,Austrian,1959-08-27
78,larini,,,Nicola,Larini,Italian,1964-03-19
79,katayama,,,Ukyo,Katayama,Japanese,1963-05-29
80,sospiri,,,Vincenzo,Sospiri,Italian,1966-10-07
81,morbidelli,,,Gianni,Morbidelli,Italian,1968-01-13
82,fontana,,,Norberto,Fontana,Argentine,1975-01-20
83,lamy,,,Pedro,Lamy,Portuguese,1972-03-20
84,brundle,,,Martin,Brundle,British,1959-06-01
85,montermini,,,Andrea,Montermini,Italian,1964-05-30
86,lavaggi,,,Giovanni,Lavaggi,Italian,1958-02-18
87,blundell,,,Mark,Blundell,British,1966-04-08
88,suzuki,,,Aguri,Suzuki,Japanese,1960-09-08
89,inoue,,,Taki,Inoue,Japanese,1963-09-05
90,moreno,,,Roberto,Moreno,Brazilian,1959-02-11
91,wendlinger,,,Karl,Wendlinger,Austrian,1968-12-20
92,gachot,,,Bertrand,Gachot,Belgian,1962-12-23
93,schiattarella,,,Domenico,Schiattarella,Italian,1967-11-17
94,martini,,,Pierluigi,Martini,Italian,1961-04-23
95,mansell,,,Nigel,Mansell,British,1953-08-08
96,boullion,,,Jean-Christophe,Boullion,French,1969-12-27
97,papis,,,Massimiliano,Papis,Italian,1969-10-03
98,deletraz,,,Jean-Denis,Délétraz,Swiss,1963-10-01
99,tarquini,,,Gabriele,Tarquini,Italian,1962-03-02
100,comas,,,Érik,Comas,French,1963-09-28
101,brabham,,,David,Brabham,Australian,1965-09-05
102,senna,,,Ayrton,Senna,Brazilian,1960-03-21
103,bernard,,,Éric,Bernard,French,1964-08-24
104,fittipaldi,,,Christian,Fittipaldi,Brazilian,1971-01-18
105,alboreto,,,Michele,Alboreto,Italian,1956-12-23
106,beretta,,,Olivier,Beretta,Monegasque,1969-11-23
107,ratzenberger,,,Roland,Ratzenberger,Austrian,1960-07-04
108,belmondo,,,Paul,Belmondo,French,1963-04-23
109,lehto,,,Jyrki,Järvilehto,Finnish,1966-01-31
110,cesaris,,,Andrea,de Cesaris,Italian,1959-05-31
111,gounon,,,Jean-Marc,Gounon,French,1963-01-01
112,alliot,,,Philippe,Alliot,French,1954-07-27
113,adams,,,Philippe,Adams,Belgian,1969-11-19
114,dalmas,,,Yannick,Dalmas,French,1961-07-28
115,noda,,,Hideki,Noda,Japanese,1969-03-07
116,lagorce,,,Franck,Lagorce,French,1968-09-01
117,prost,,,Alain,Prost,French,1955-02-24
118,warwick,,,Derek,Warwick,British,1954-08-27
119,patrese,,,Riccardo,Patrese,Italian,1954-04-17
120,barbazza,,,Fabrizio,Barbazza,Italian,1963-04-02
121,andretti,,,Michael,Andretti,American,1962-10-05
122,capelli,,,Ivan,Capelli,Italian,1963-05-24
123,boutsen,,,Thierry,Boutsen,Belgian,1957-07-13
124,apicella,,,Marco,Apicella,Italian,1965-10-07
125,naspetti,,,Emanuele,Naspetti,Italian,1968-02-24
126,toshio_suzuki,,,Toshio,Suzuki,Japanese,1955-03-10
127,gugelmin,,,Maurício,Gugelmin,Brazilian,1963-04-20
128,poele,,,Eric,van de Poele,Belgian,1961-09-30
129,grouillard,,,Olivier,Grouillard,French,1958-09-02
130,chiesa,,,Andrea,Chiesa,Swiss,1964-05-06
131,modena,,,Stefano,Modena,Italian,1963-05-12
132,amati,,,Giovanna,Amati,Italian,1959-07-20
133,caffi,,,Alex,Caffi,Italian,1964-03-18
134,bertaggia,,,Enrico,Bertaggia,Italian,1964-09-19
135,mccarthy,,,Perry,McCarthy,British,1961-03-03
136,lammers,,,Jan,Lammers,Dutch,1956-06-02
137,piquet,,,Nelson,Piquet,Brazilian,1952-08-17
138,satoru_nakajima,,,Satoru,Nakajima,Japanese,1953-02-23
139,pirro,,,Emanuele,Pirro,Italian,1962-01-12
140,johansson,,,Stefan,Johansson,Swedish,1956-09-08
141,bailey,,,Julian,Bailey,British,1961-10-09
142,chaves,,,Pedro,Chaves,Portuguese,1965-02-27
143,bartels,,,Michael,Bartels,German,1968-03-08
144,hattori,,,Naoki,Hattori,Japanese,1966-06-13
145,nannini,,,Alessandro,Nannini,Italian,1959-07-07
146,schneider,,,Bernd,Schneider,German,1964-07-20
147,barilla,,,Paolo,Barilla,Italian,1961-04-20
148,foitek,,,Gregor,Foitek,Swiss,1965-03-27
149,langes,,,Claudio,Langes,Italian,1960-07-20
150,gary_brabham,,,Gary,Brabham,Australian,1961-03-29
151,donnelly,,,Martin,Donnelly,British,1964-03-26
152,giacomelli,,,Bruno,Giacomelli,Italian,1952-09-10
153,alguersuari,,ALG,Jaime,Alguersuari,Spanish,1990-03-23
154,grosjean,8,GRO,Romain,Grosjean,French,1986-04-17
155,kobayashi,10,KOB,Kamui,Kobayashi,Japanese,1986-09-13
156,palmer,,,Jonathan,Palmer,British,1956-11-07
157,danner,,,Christian,Danner,German,1958-04-04
158,cheever,,,Eddie,Cheever,American,1958-01-10
159,sala,,,Luis,Pérez-Sala,Spanish,1959-05-15
160,ghinzani,,,Piercarlo,Ghinzani,Italian,1952-01-16
161,weidler,,,Volker,Weidler,German,1962-03-18
162,raphanel,,,Pierre-Henri,Raphanel,French,1961-05-27
163,arnoux,,,René,Arnoux,French,1948-07-04
164,joachim_winkelhock,,,Joachim,Winkelhock,German,1960-10-24
165,larrauri,,,Oscar,Larrauri,Argentine,1954-08-19
166,streiff,,,Philippe,Streiff,French,1955-06-26
167,campos,,,Adrián,Campos,Spanish,1960-06-17
168,schlesser,,,Jean-Louis,Schlesser,French,1948-09-12
169,fabre,,,Pascal,Fabre,French,1960-01-09
170,fabi,,,Teo,Fabi,Italian,1955-03-09
171,forini,,,Franco,Forini,Swiss,1958-09-22
172,laffite,,,Jacques,Laffite,French,1943-11-21
173,angelis,,,Elio,de Angelis,Italian,1958-03-26
174,dumfries,,,Johnny,Dumfries,British,1958-04-26
175,tambay,,,Patrick,Tambay,French,1949-06-25
176,surer,,,Marc,Surer,Swiss,1951-09-18
177,keke_rosberg,,,Keke,Rosberg,Finnish,1948-12-06
178,jones,,,Alan,Jones,Australian,1946-11-02
179,rothengatter,,,Huub,Rothengatter,Dutch,1954-10-08
180,berg,,,Allen,Berg,Canadian,1961-08-01
181,manfred_winkelhock,,,Manfred,Winkelhock,German,1951-10-06
182,lauda,,,Niki,Lauda,Austrian,1949-02-22
183,hesnault,,,François,Hesnault,French,1956-12-30
184,baldi,,,Mauro,Baldi,Italian,1954-01-31
185,bellof,,,Stefan,Bellof,German,1957-11-20
186,acheson,,,Kenny,Acheson,British,1957-11-27
187,watson,,,John,Watson,British,1946-05-04
188,cecotto,,,Johnny,Cecotto,Venezuelan,1956-01-25
189,gartner,,,Jo,Gartner,Austrian,1954-01-24
190,corrado_fabi,,,Corrado,Fabi,Italian,1961-04-12
191,thackwell,,,Mike,Thackwell,New Zealander,1961-03-30
192,serra,,,Chico,Serra,Brazilian,1957-02-03
193,sullivan,,,Danny,Sullivan,American,1950-03-09
194,salazar,,,Eliseo,Salazar,Chilean,1954-11-14
195,guerrero,,,Roberto,Guerrero,Colombian,1958-11-16
196,boesel,,,Raul,Boesel,Brazilian,1957-12-04
197,jarier,,,Jean-Pierre,Jarier,French,1946-07-10
198,villeneuve_sr,,,Jacques,Villeneuve Sr.,Canadian,1953-11-04
199,reutemann,,,Carlos,Reutemann,Argentine,1942-04-12
200,mass,,,Jochen,Mass,German,1946-09-30
201,borgudd,,,Slim,Borgudd,Swedish,1946-11-25
202,pironi,,,Didier,Pironi,French,1952-03-26
203,gilles_villeneuve,,,Gilles,Villeneuve,Canadian,1950-01-18
204,paletti,,,Riccardo,Paletti,Italian,1958-06-15
205,henton,,,Brian,Henton,British,1946-09-19
206,daly,,,Derek,Daly,Irish,1953-03-11
207,mario_andretti,,,Mario,Andretti,American,1940-02-28
208,villota,,,Emilio,de Villota,Spanish,1946-07-26
209,lees,,,Geoff,Lees,British,1951-05-01
210,byrne,,,Tommy,Byrne,Irish,1958-05-06
211,keegan,,,Rupert,Keegan,British,1955-02-26
212,rebaque,,,Hector,Rebaque,Mexican,1956-02-05
213,gabbiani,,,Beppe,Gabbiani,Italian,1957-01-02
214,cogan,,,Kevin,Cogan,American,1956-03-31
215,guerra,,,Miguel Ángel,Guerra,Argentine,1953-08-31
216,stohr,,,Siegfried,Stohr,Italian,1952-10-10
217,zunino,,,Ricardo,Zunino,Argentine,1949-04-13
218,londono,,,Ricardo,Londoño,Colombian,1949-08-08
219,jabouille,,,Jean-Pierre,Jabouille,French,1942-10-01
220,francia,,,Giorgio,Francia,Italian,1947-11-08
221,depailler,,,Patrick,Depailler,French,1944-08-09
222,scheckter,,,Jody,Scheckter,South African,1950-01-29
223,regazzoni,,,Clay,Regazzoni,Swiss,1939-09-05
224,emerson_fittipaldi,,,Emerson,Fittipaldi,Brazilian,1946-12-12
225,kennedy,,,Dave,Kennedy,Irish,1953-01-15
226,south,,,Stephen,South,British,1952-02-19
227,needell,,,Tiff,Needell,British,1951-10-29
228,desire_wilson,,,Desiré,Wilson,South African,1953-11-26
229,ertl,,,Harald,Ertl,Austrian,1948-08-31
230,brambilla,,,Vittorio,Brambilla,Italian,1937-11-11
231,hunt,,,James,Hunt,British,1947-08-29
232,merzario,,,Arturo,Merzario,Italian,1943-03-11
233,stuck,,,Hans-Joachim,Stuck,German,1951-01-01
234,brancatelli,,,Gianfranco,Brancatelli,Italian,1950-01-18
235,ickx,,,Jacky,Ickx,Belgian,1945-01-01
236,gaillard,,,Patrick,Gaillard,French,1952-02-12
237,ribeiro,,,Alex,Ribeiro,Brazilian,1948-11-07
238,peterson,,,Ronnie,Peterson,Swedish,1944-02-14
239,lunger,,,Brett,Lunger,American,1945-11-14
240,ongais,,,Danny,Ongais,American,1942-05-21
241,leoni,,,Lamberto,Leoni,Italian,1953-05-24
242,galica,,,Divina,Galica,British,1944-08-13
243,stommelen,,,Rolf,Stommelen,German,1943-07-11
244,colombo,,,Alberto,Colombo,Italian,1946-02-23
245,trimmer,,,Tony,Trimmer,British,1943-01-24
246,binder,,,Hans,Binder,Austrian,1948-06-12
247,bleekemolen,,,Michael,Bleekemolen,Dutch,1949-10-02
248,gimax,,,Carlo,Franchi,Italian,1938-01-01
249,rahal,,,Bobby,Rahal,American,1953-01-10
250,pace,,,Carlos,Pace,Brazilian,1944-10-06
251,ian_scheckter,,,Ian,Scheckter,South African,1947-08-22
252,pryce,,,Tom,Pryce,British,1949-06-11
253,hoffmann,,,Ingo,Hoffmann,Brazilian,1953-02-28
254,zorzi,,,Renzo,Zorzi,Italian,1946-12-12
255,nilsson,,,Gunnar,Nilsson,Swedish,1948-11-20
256,perkins,,,Larry,Perkins,Australian,1950-03-18
257,hayje,,,Boy,Lunger,Dutch,1949-05-03
258,neve,,,Patrick,Nève,Belgian,1949-10-13
259,purley,,,David,Purley,British,1945-01-26
260,andersson,,,Conny,Andersson,Swedish,1939-12-28
261,dryver,,,Bernard,de Dryver,Belgian,1952-09-19
262,oliver,,,Jackie,Oliver,British,1942-08-14
263,kozarowitzky,,,Mikko,Kozarowitzky,Finnish,1948-05-17
264,sutcliffe,,,Andy,Sutcliffe,British,1947-05-09
265,edwards,,,Guy,Edwards,British,1942-12-30
266,mcguire,,,Brian,McGuire,Australian,1945-12-13
267,schuppan,,,Vern,Schuppan,Australian,1943-03-19
268,heyer,,,Hans,Heyer,German,1943-03-16
269,pilette,,,Teddy,Pilette,Belgian,1942-07-26
270,ashley,,,Ian,Ashley,British,1947-10-26
271,kessel,,,Loris,Kessel,Swiss,1950-04-01
272,takahashi,,,Kunimitsu,Takahashi,Japanese,1940-01-29
273,hoshino,,,Kazuyoshi,Hoshino,Japanese,1947-07-01
274,takahara,,,Noritake,Takahara,Japanese,1951-06-06
275,lombardi,,,Lella,Lombardi,Italian,1941-03-26
276,evans,,,Bob,Evans,British,1947-06-11
277,leclere,,,Michel,Leclère,French,1946-03-18
278,amon,,,Chris,Amon,New Zealander,1943-07-20
279,zapico,,,Emilio,Zapico,Spanish,1944-05-27
280,pescarolo,,,Henri,Pescarolo,French,1942-09-25
281,nelleman,,,Jac,Nelleman,Danish,1944-04-19
282,magee,,,Damien,Magee,British,1945-11-17
283,wilds,,,Mike,Wilds,British,1946-01-07
284,pesenti_rossi,,,Alessandro,Pesenti-Rossi,Italian,1942-08-31
285,stuppacher,,,Otto,Stuppacher,Austrian,1947-03-03
286,brown,,,Warwick,Brown,Australian,1949-12-24
287,hasemi,,,Masahiro,Hasemi,Japanese,1945-11-13
288,donohue,,,Mark,Donohue,American,1937-03-18
289,hill,,,Graham,Hill,British,1929-02-15
290,wilson_fittipaldi,,,Wilson,Fittipaldi,Brazilian,1943-12-25
291,tunmer,,,Guy,Tunmer,South African,1948-12-01
292,keizan,,,Eddie,Keizan,South African,1944-09-12
293,charlton,,,Dave,Charlton,South African,1936-10-27
294,brise,,,Tony,Brise,British,1952-03-28
295,wunderink,,,Roelof,Wunderink,Dutch,1948-12-12
296,migault,,,François,Migault,French,1944-12-04
297,palm,,,Torsten,Palm,Swedish,1947-07-23
298,lennep,,,Gijs,van Lennep,Dutch,1942-03-16
299,fushida,,,Hiroshi,Fushida,Japanese,1946-03-10
300,nicholson,,,John,Nicholson,New Zealander,1941-10-06
301,morgan,,,Dave,Morgan,British,1944-08-07
302,crawford,,,Jim,Crawford,British,1948-02-13
303,vonlanthen,,,Jo,Vonlanthen,Swiss,1942-05-31
304,hulme,,,Denny,Hulme,New Zealander,1936-06-18
305,hailwood,,,Mike,Hailwood,British,1940-04-02
306,beltoise,,,Jean-Pierre,Beltoise,French,1937-04-26
307,ganley,,,Howden,Ganley,New Zealander,1941-12-24
308,robarts,,,Richard,Robarts,British,1944-09-22
309,revson,,,Peter,Revson,American,1939-02-27
310,driver,,,Paddy,Driver,South African,1934-05-13
311,belso,,,Tom,Belsø,Danish,1942-08-27
312,redman,,,Brian,Redman,British,1937-03-09
313,opel,,,Rikky,von Opel,Liechtensteiner,1947-10-14
314,schenken,,,Tim,Schenken,Australian,1943-09-26
315,larrousse,,,Gérard,Larrousse,French,1940-05-23
316,kinnunen,,,Leo,Kinnunen,Finnish,1943-08-05
317,wisell,,,Reine,Wisell,Swedish,1941-09-30
318,roos,,,Bertil,Roos,Swedish,1943-10-12
319,dolhem,,,José,Dolhem,French,1944-04-26
320,gethin,,,Peter,Gethin,British,1940-02-21
321,bell,,,Derek,Bell,British,1941-10-31
322,hobbs,,,David,Hobbs,British,1939-06-09
323,quester,,,Dieter,Quester,Austrian,1939-05-30
324,koinigg,,,Helmuth,Koinigg,Austrian,1948-11-03
325,facetti,,,Carlo,Facetti,Italian,1935-06-26
326,wietzes,,,Eppie,Wietzes,Canadian,1938-05-28
327,cevert,,,François,Cevert,French,1944-02-25
328,stewart,,,Jackie,Stewart,British,1939-06-11
329,beuttler,,,Mike,Beuttler,British,1940-04-13
330,galli,,,Nanni,Galli,Italian,1940-10-02
331,bueno,,,Luiz,Bueno,Brazilian,1937-01-16
332,follmer,,,George,Follmer,American,1934-01-27
333,adamich,,,Andrea,de Adamich,Italian,1941-10-03
334,pretorius,,,Jackie,Pretorius,South African,1934-11-22
335,williamson,,,Roger,Williamson,British,1948-02-02
336,mcrae,,,Graham,McRae,New Zealander,1940-03-05
337,marko,,,Helmut,Marko,Austrian,1943-04-27
338,walker,,,David,Walker,Australian,1941-06-10
339,roig,,,Alex,Soler-Roig,Spanish,1932-10-29
340,love,,,John,Love,Rhodesian,1924-12-07
341,surtees,,,John,Surtees,British,1934-02-11
342,barber,,,Skip,Barber,American,1936-11-16
343,brack,,,Bill,Brack,Canadian,1935-12-26
344,posey,,,Sam,Posey,American,1944-05-26
345,rodriguez,,,Pedro,Rodríguez,Mexican,1940-01-18
346,siffert,,,Jo,Siffert,Swiss,1936-07-07
347,bonnier,,,Jo,Bonnier,Swedish,1930-01-31
348,mazet,,,François,Mazet,French,1943-02-24
349,jean,,,Max,Jean,French,1943-07-27
350,elford,,,Vic,Elford,British,1935-06-10
351,moser,,,Silvio,Moser,Swiss,1941-04-24
352,eaton,,,George,Eaton,Canadian,1945-11-12
353,lovely,,,Pete,Lovely,American,1926-04-11
354,craft,,,Chris,Craft,British,1939-11-17
355,Cannoc,,,John,Cannon,Canadian,1933-06-21
356,jack_brabham,,,Jack,Brabham,Australian,1926-04-02
357,miles,,,John,Miles,British,1943-06-14
358,rindt,,,Jochen,Rindt,Austrian,1942-04-18
359,gavin,,,Johnny,Servoz-Gavin,French,1942-01-18
360,mclaren,,,Bruce,McLaren,New Zealander,1937-08-30
361,courage,,,Piers,Courage,British,1942-05-27
362,klerk,,,Peter,de Klerk,South African,1935-03-16
363,giunti,,,Ignazio,Giunti,Italian,1941-08-30
364,gurney,,,Dan,Gurney,American,1931-04-13
365,hahne,,,Hubert,Hahne,German,1935-03-28
366,hutchison,,,Gus,Hutchison,American,1937-04-26
367,westbury,,,Peter,Westbury,British,1938-05-26
368,tingle,,,Sam,Tingle,Rhodesian,1921-08-24
369,rooyen,,,Basil,van Rooyen,South African,1939-04-19
370,attwood,,,Richard,Attwood,British,1940-04-04
371,pease,,,Al,Pease,Canadian,1921-10-15
372,cordts,,,John,Cordts,Canadian,1935-07-23
373,clark,,,Jim,Clark,British,1936-03-04
374,spence,,,Mike,Spence,British,1936-12-30
375,scarfiotti,,,Ludovico,Scarfiotti,Italian,1933-10-18
376,bianchi,,BIA,Lucien,Bianchi,Belgian,1934-11-10
377,jo_schlesser,,,Jo,Schlesser,French,1928-05-18
378,widdows,,,Robin,Widdows,British,1942-05-27
379,ahrens,,,Kurt,Ahrens,German,1940-04-19
380,gardner,,,Frank,Gardner,Australian,1930-10-01
381,unser,,,Bobby,Unser,American,1934-02-20
382,solana,,,Moisés,Solana,Mexican,1935-12-26
383,anderson,,,Bob,Anderson,British,1931-05-19
384,botha,,,Luki,Botha,South African,1930-01-16
385,bandini,,,Lorenzo,Bandini,Italian,1935-12-21
386,ginther,,,Richie,Ginther,American,1930-08-05
387,parkes,,,Mike,Parkes,British,1931-09-24
388,irwin,,,Chris,Irwin,British,1942-06-27
389,ligier,,,Guy,Ligier,French,1930-07-12
390,rees,,,Alan,Rees,British,1938-01-12
391,hart,,,Brian,Hart,British,1936-09-07
392,fisher,,,Mike,Fisher,American,1943-03-13
393,tom_jones,,,Tom,Jones,American,1943-04-26
394,baghetti,,,Giancarlo,Baghetti,Italian,1934-12-25
395,williams,,,Jonathan,Williams,British,1942-10-26
396,bondurant,,,Bob,Bondurant,American,1933-04-27
397,arundell,,,Peter,Arundell,British,1933-11-08
398,vic_wilson,,,Vic,Wilson,British,1931-04-14
399,taylor,,,John,Taylor,British,1933-03-23
400,lawrence,,,Chris,Lawrence,British,1933-07-27
401,trevor_taylor,,,Trevor,Taylor,British,1936-12-26
402,geki,,,Giacomo,Russo,Italian,1937-10-23
403,phil_hill,,,Phil,Hill,American,1927-04-20
404,ireland,,,Innes,Ireland,British,1930-06-12
405,bucknum,,,Ronnie,Bucknum,American,1936-04-05
406,hawkins,,,Paul,Hawkins,Australian,1937-10-12
407,prophet,,,David,Prophet,British,1937-10-09
408,maggs,,,Tony,Maggs,South African,1937-02-09
409,blokdyk,,,Trevor,Blokdyk,South African,1935-11-30
410,lederle,,,Neville,Lederle,South African,1938-09-25
411,serrurier,,,Doug,Serrurier,South African,1920-12-09
412,niemann,,,Brausch,Niemann,South African,1939-01-07
413,pieterse,,,Ernie,Pieterse,South African,1938-07-04
414,puzey,,,Clive,Puzey,Rhodesian,1941-07-11
415,reed,,,Ray,Reed,South African,1932-04-30
416,clapham,,,David,Clapham,South African,1931-05-18
417,blignaut,,,Alex,Blignaut,South African,1932-11-30
418,gregory,,,Masten,Gregory,American,1932-02-29
419,rhodes,,,John,Rhodes,British,1927-08-18
420,raby,,,Ian,Raby,British,1921-09-22
421,rollinson,,,Alan,Rollinson,British,1943-05-15
422,gubby,,,Brian,Gubby,British,1934-04-17
423,mitter,,,Gerhard,Mitter,German,1935-08-30
424,bussinello,,,Roberto,Bussinello,Italian,1927-10-04
425,vaccarella,,,Nino,Vaccarella,Italian,1933-03-04
426,bassi,,,Giorgio,Bassi,Italian,1934-01-20
427,trintignant,,,Maurice,Trintignant,French,1917-10-30
428,collomb,,,Bernard,Collomb,French,1930-10-07
429,andre_pilette,,,André,Pilette,Belgian,1918-10-06
430,beaufort,,,Carel Godin,de Beaufort,Dutch,1934-04-10
431,barth,,,Edgar,Barth,German,1917-01-26
432,cabral,,,Mário de Araújo,Cabral,Portuguese,1934-01-15
433,hansgen,,,Walt,Hansgen,American,1919-10-28
434,sharp,,,Hap,Sharp,American,1928-01-01
435,mairesse,,,Willy,Mairesse,Belgian,1928-10-01
436,campbell-jones,,,John,Campbell-Jones,British,1930-01-21
437,burgess,,,Ian,Burgess,British,1930-07-06
438,settember,,,Tony,Settember,American,1926-07-10
439,estefano,,,Nasif,Estéfano,Argentine,1932-11-18
440,hall,,,Jim,Hall,American,1935-07-23
441,parnell,,,Tim,Parnell,British,1932-06-25
442,kuhnke,,,Kurt,Kuhnke,German,1910-04-30
443,ernesto_brambilla,,,Ernesto,Brambilla,Italian,1934-01-31
444,lippi,,,Roberto,Lippi,Italian,1926-10-17
445,seiffert,,,Günther,Seiffert,German,1937-10-18
446,abate,,,Carlo,Abate,Italian,1932-07-10
447,starrabba,,,Gaetano,Starrabba,Italian,1932-12-03
448,broeker,,,Peter,Broeker,Canadian,1926-05-15
449,ward,,,Rodger,Ward,American,1921-01-10
450,vos,,,Ernie,de Vos,Dutch,1941-07-01
451,dochnal,,,Frank,Dochnal,American,1920-10-08
452,monarch,,,Thomas,Monarch,American,1945-09-03
842,gasly,10,GAS,Pierre,Gasly,French,1996-02-07
453,lewis,,,Jackie,Lewis,British,1936-11-01
454,ricardo_rodriguez,,,Ricardo,Rodríguez,Mexican,1942-02-14
455,seidel,,,Wolfgang,Seidel,German,1926-07-04
456,salvadori,,,Roy,Salvadori,British,1922-05-12
457,pon,,,Ben,Pon,Dutch,1936-12-09
458,slotemaker,,,Rob,Slotemaker,Dutch,1929-06-13
459,marsh,,,Tony,Marsh,British,1931-07-20
460,ashmore,,,Gerry,Ashmore,British,1936-07-25
461,schiller,,,Heinz,Schiller,Swiss,1930-01-25
462,davis,,,Colin,Davis,British,1933-07-29
463,chamberlain,,,Jay,Chamberlain,American,1925-12-29
464,shelly,,,Tony,Shelly,New Zealander,1937-02-02
465,greene,,,Keith,Greene,British,1938-01-05
466,walter,,,Heini,Walter,Swiss,1927-07-28
467,prinoth,,,Ernesto,Prinoth,Italian,1923-04-15
468,penske,,,Roger,Penske,American,1937-02-20
469,schroeder,,,Rob,Schroeder,British,1926-05-11
470,mayer,,,Timmy,Mayer,American,1938-02-22
471,johnstone,,,Bruce,Johnstone,South African,1937-01-30
472,harris,,,Mike,Harris,South African,1939-05-25
473,hocking,,,Gary,Hocking,Rhodesian,1937-09-30
474,vyver,,,Syd,van der Vyver,South African,1920-06-01
475,moss,,,Stirling,Moss,British,1929-09-17
476,trips,,,Wolfgang,von Trips,German,1928-05-04
477,allison,,,Cliff,Allison,British,1932-02-08
478,herrmann,,,Hans,Herrmann,German,1928-02-23
479,brooks,,,Tony,Brooks,British,1932-02-25
480,may,,,Michael,May,Swiss,1934-08-18
481,henry_taylor,,,Henry,Taylor,British,1932-12-16
482,gendebien,,,Olivier,Gendebien,Belgian,1924-01-12
483,scarlatti,,,Giorgio,Scarlatti,Italian,1921-10-02
484,naylor,,,Brian,Naylor,British,1923-03-24
485,bordeu,,,Juan Manuel,Bordeu,Argentine,1934-01-28
486,fairman,,,Jack,Fairman,British,1913-03-15
487,natili,,,Massimo,Natili,Italian,1935-07-28
488,monteverdi,,,Peter,Monteverdi,Swiss,1934-06-07
489,pirocchi,,,Renato,Pirocchi,Italian,1933-03-26
490,duke,,,Geoff,Duke,British,1923-03-29
491,thiele,,,Alfonso,Thiele,American-Italian,1920-04-05
492,boffa,,,Menato,Boffa,Italian,1930-01-04
493,ryan,,,Peter,Ryan,Canadian,1940-06-10
494,ruby,,,Lloyd,Ruby,American,1928-01-12
495,ken_miles,,,Ken,Miles,British,1918-11-01
496,menditeguy,,,Carlos,Menditeguy,Argentine,1914-08-10
497,larreta,,,Alberto Rodriguez,Larreta,Argentine,1934-01-14
498,gonzalez,,,José Froilán,González,Argentine,1922-10-05
499,bonomi,,,Roberto,Bonomi,Argentine,1919-09-30
500,munaron,,,Gino,Munaron,Italian,1928-04-02
501,schell,,,Harry,Schell,American,1921-06-29
502,stacey,,,Alan,Stacey,British,1933-08-29
503,chimeri,,,Ettore,Chimeri,Venezuelan,1921-06-04
504,creus,,,Antonio,Creus,Spanish,1924-10-28
505,bristow,,,Chris,Bristow,British,1937-12-02
506,halford,,,Bruce,Halford,British,1931-05-18
507,daigh,,,Chuck,Daigh,American,1923-11-29
508,reventlow,,,Lance,Reventlow,American,1936-02-24
509,rathmann,,,Jim,Rathmann,American,1928-07-16
510,goldsmith,,,Paul,Goldsmith,American,1925-10-02
511,branson,,,Don,Branson,American,1920-06-02
512,thomson,,,Johnny,Thomson,American,1922-04-09
513,johnson,,,Eddie,Johnson,American,1919-02-10
514,veith,,,Bob,Veith,American,1926-11-01
515,tingelstad,,,Bud,Tingelstad,American,1928-04-04
516,christie,,,Bob,Christie,American,1924-04-04
517,amick,,,Red,Amick,American,1929-01-19
518,darter,,,Duane,Carter,American,1913-05-05
519,homeier,,,Bill,Homeier,American,1918-08-31
520,hartley,,,Gene,Hartley,American,1926-01-28
521,stevenson,,,Chuck,Stevenson,American,1919-10-15
522,grim,,,Bobby,Grim,American,1924-09-04
523,templeman,,,Shorty,Templeman,American,1919-08-12
524,hurtubise,,,Jim,Hurtubise,American,1932-12-05
525,bryan,,,Jimmy,Bryan,American,1926-01-28
526,ruttman,,,Troy,Ruttman,American,1930-03-11
527,sachs,,,Eddie,Sachs,American,1927-05-28
528,freeland,,,Don,Freeland,American,1925-03-25
529,bettenhausen,,,Tony,Bettenhausen,American,1916-09-12
530,weiler,,,Wayne,Weiler,American,1934-12-09
531,foyt,,,Anthony,Foyt,American,1935-01-16
532,russo,,,Eddie,Russo,American,1925-11-19
533,boyd,,,Johnny,Boyd,American,1926-08-19
534,force,,,Gene,Force,American,1916-06-15
535,mcwithey,,,Jim,McWithey,American,1927-07-04
536,sutton,,,Len,Sutton,American,1925-08-09
537,dick_rathmann,,,Dick,Rathmann,American,1924-01-06
538,herman,,,Al,Herman,American,1927-03-15
539,dempsey_wilson,,,Dempsey,Wilson,American,1927-03-11
540,mike_taylor,,,Mike,Taylor,British,1934-04-24
541,flockhart,,,Ron,Flockhart,British,1923-06-16
542,piper,,,David,Piper,British,1930-12-02
543,cabianca,,,Giulio,Cabianca,Italian,1923-02-19
544,drogo,,,Piero,Drogo,Italian,1926-08-08
545,gamble,,,Fred,Gamble,American,1932-03-17
546,owen,,,Arthur,Owen,British,1915-03-23
547,gould,,,Horace,Gould,British,1918-09-20
548,drake,,,Bob,Drake,American,1919-12-14
549,bueb,,,Ivor,Bueb,British,1923-06-06
550,Changy,,,Alain,de Changy,Belgian,1922-02-05
551,filippis,,,Maria,de Filippis,Italian,1926-11-11
552,lucienbonnet,,,Jean,Lucienbonnet,French,1923-01-07
553,testut,,,André,Testut,Monegasque,1926-04-13
554,behra,,,Jean,Behra,French,1921-02-16
555,paul_russo,,,Paul,Russo,American,1914-04-10
556,daywalt,,,Jimmy,Daywalt,American,1924-08-28
557,arnold,,,Chuck,Arnold,American,1926-05-30
558,keller,,,Al,Keller,American,1920-04-11
559,flaherty,,,Pat,Flaherty,American,1926-01-06
560,cheesbourg,,,Bill,Cheesbourg,American,1927-06-12
561,ray_crawford,,,Ray,Crawford,American,1915-10-26
562,turner,,,Jack,Turner,American,1920-02-12
563,weyant,,,Chuck,Weyant,American,1923-04-03
564,larson,,,Jud,Larson,American,1923-01-21
565,magill,,,Mike,Magill,American,1920-02-08
566,shelby,,,Carroll,Shelby,American,1923-01-11
567,orey,,,Fritz,d'Orey,Brazilian,1938-03-25
568,fontes,,,Azdrubal,Fontes,Uruguayan,1922-12-26
569,ashdown,,,Peter,Ashdown,British,1934-10-16
570,bill_moss,,,Bill,Moss,British,1933-09-04
571,dennis_taylor,,,Dennis,Taylor,British,1921-06-12
572,blanchard,,,Harry,Blanchard,American,1929-06-13
573,tomaso,,,Alessandro,de Tomaso,Argentine-Italian,1928-07-10
574,constantine,,,George,Constantine,American,1918-02-22
575,said,,,Bob,Said,American,1932-05-05
576,cade,,,Phil,Cade,American,1916-06-12
577,musso,,,Luigi,Musso,Italian,1924-07-28
578,hawthorn,,,Mike,Hawthorn,British,1929-04-10
579,fangio,,,Juan,Fangio,Argentine,1911-06-24
580,godia,,,Paco,Godia,Spanish,1921-03-21
581,collins,,,Peter,Collins,British,1931-11-06
582,kavanagh,,,Ken,Kavanagh,Australian,1923-12-12
583,gerini,,,Gerino,Gerini,Italian,1928-08-10
584,kessler,,,Bruce,Kessler,American,1936-03-23
585,emery,,,Paul,Emery,British,1916-11-12
586,piotti,,,Luigi,Piotti,Italian,1913-10-27
587,ecclestone,,,Bernie,Ecclestone,British,1930-10-28
588,taramazzo,,,Luigi,Taramazzo,Italian,1932-05-05
589,chiron,,,Louis,Chiron,Monegasque,1899-08-03
590,lewis-evans,,,Stuart,Lewis-Evans,British,1930-04-20
591,george_amick,,,George,Amick,American,1924-10-24
592,reece,,,Jimmy,Reece,American,1929-11-17
593,parsons,,,Johnnie,Parsons,American,1918-07-04
594,tolan,,,Johnnie,Tolan,American,1917-10-22
595,garrett,,,Billy,Garrett,American,1933-04-24
596,elisian,,,Ed,Elisian,American,1926-12-09
597,connor,,,Pat,O'Connor,American,1928-10-09
598,jerry_unser,,,Jerry,Unser,American,1932-11-15
599,bisch,,,Art,Bisch,American,1926-11-10
600,goethals,,,Christian,Goethals,Belgian,1928-08-04
601,gibson,,,Dick,Gibson,British,1918-04-16
602,la_caze,,,Robert,La Caze,French,1917-02-26
603,guelfi,,,André,Guelfi,French,1919-05-06
604,picard,,,François,Picard,French,1921-04-26
605,bridger,,,Tom,Bridger,British,1934-06-24
606,portago,,,Alfonso,de Portago,Spanish,1928-10-11
607,perdisa,,,Cesare,Perdisa,Italian,1932-10-21
608,castellotti,,,Eugenio,Castellotti,Italian,1930-10-10
609,simon,,,André,Simon,French,1920-01-05
610,leston,,,Les,Leston,British,1920-12-16
611,hanks,,,Sam,Hanks,American,1914-07-13
612,linden,,,Andy,Linden,American,1922-04-05
613,teague,,,Marshall,Teague,American,1921-02-22
614,edmunds,,,Don,Edmunds,American,1930-09-23
615,agabashian,,,Fred,Agabashian,American,1913-08-21
616,george,,,Elmer,George,American,1928-07-15
617,macdowel,,,Mike,MacDowel,British,1932-09-13
618,mackay-fraser,,,Herbert,MacKay-Fraser,American,1927-06-23
619,gerard,,,Bob,Gerard,British,1914-01-19
620,maglioli,,,Umberto,Maglioli,Italian,1928-06-05
621,england,,,Paul,England,Australian,1929-03-28
622,landi,,,Chico,Landi,Brazilian,1907-07-14
623,uria,,,Alberto,Uria,Uruguayan,1924-07-11
624,ramos,,,Hernando,da Silva Ramos,Brazilian,1925-12-07
625,bayol,,,Élie,Bayol,French,1914-02-28
626,manzon,,,Robert,Manzon,French,1917-04-12
627,rosier,,,Louis,Rosier,French,1905-11-05
628,sweikert,,,Bob,Sweikert,American,1926-05-20
629,griffith,,,Cliff,Griffith,American,1916-02-06
630,dinsmore,,,Duke,Dinsmore,American,1913-04-10
631,andrews,,,Keith,Andrews,American,1920-06-15
632,frere,,,Paul,Frère,Belgian,1917-01-30
633,villoresi,,,Luigi,Villoresi,Italian,1909-05-16
634,scotti,,,Piero,Scotti,Italian,1909-11-11
635,chapman,,,Colin,Chapman,British,1928-05-19
636,titterington,,,Desmond,Titterington,British,1928-05-01
637,scott_Brown,,,Archie,Scott Brown,British,1927-05-13
638,volonterio,,,Ottorino,Volonterio,Swiss,1917-12-07
639,milhoux,,,André,Milhoux,Belgian,1928-12-09
640,graffenried,,,Toulo,de Graffenried,Swiss,1914-05-18
641,taruffi,,,Piero,Taruffi,Italian,1906-10-12
642,farina,,,Nino,Farina,Italian,1906-10-30
643,mieres,,,Roberto,Mieres,Argentine,1924-12-03
644,mantovani,,,Sergio,Mantovani,Italian,1929-05-22
645,bucci,,,Clemar,Bucci,Argentine,1920-09-04
646,iglesias,,,Jesús,Iglesias,Argentine,1922-02-22
647,ascari,,,Alberto,Ascari,Italian,1918-07-13
648,kling,,,Karl,Kling,German,1910-09-16
649,birger,,,Pablo,Birger,Argentine,1924-01-07
650,pollet,,,Jacques,Pollet,French,1922-07-02
651,macklin,,,Lance,Macklin,British,1919-09-02
652,whiteaway,,,Ted,Whiteaway,British,1928-11-01
653,davies,,,Jimmy,Davies,American,1929-08-08
654,faulkner,,,Walt,Faulkner,American,1920-02-16
655,niday,,,Cal,Niday,American,1914-04-29
656,cross,,,Art,Cross,American,1918-01-24
657,vukovich,,,Bill,Vukovich,American,1918-12-13
658,mcgrath,,,Jack,McGrath,American,1919-10-08
659,hoyt,,,Jerry,Hoyt,American,1929-01-29
660,claes,,,Johnny,Claes,Belgian,1916-08-11
661,peter_walker,,,Peter,Walker,British,1912-10-07
662,sparken,,,Mike,Sparken,French,1930-06-16
663,wharton,,,Ken,Wharton,British,1916-03-21
664,mcalpine,,,Kenneth,McAlpine,British,1920-09-21
665,marr,,,Leslie,Marr,British,1922-08-14
666,rolt,,,Tony,Rolt,British,1918-10-16
667,fitch,,,John,Fitch,American,1917-08-04
668,lucas,,,Jean,Lucas,French,1917-04-25
669,bira,,,Prince,Bira,Thai,1914-07-15
670,marimon,,,Onofre,Marimón,Argentine,1923-12-19
671,loyer,,,Roger,Loyer,French,1907-08-05
672,daponte,,,Jorge,Daponte,Argentine,1923-06-05
673,nazaruk,,,Mike,Nazaruk,American,1921-10-02
674,crockett,,,Larry,Crockett,American,1926-10-23
675,ayulo,,,Manny,Ayulo,American,1921-10-20
676,armi,,,Frank,Armi,American,1918-10-12
677,webb,,,Travis,Webb,American,1910-10-08
678,duncan,,,Len,Duncan,American,1911-07-25
679,mccoy,,,Ernie,McCoy,American,1921-02-19
680,swaters,,,Jacques,Swaters,American,1926-10-30
681,georges_berger,,,Georges,Berger,Belgian,1918-09-14
682,beauman,,,Don,Beauman,British,1928-07-26
683,thorne,,,Leslie,Thorne,British,1916-06-23
684,whitehouse,,,Bill,Whitehouse,British,1909-04-01
685,riseley_prichard,,,John,Riseley-Prichard,British,1924-01-17
686,reg_parnell,,,Reg,Parnell,British,1911-07-02
687,whitehead,,,Peter,Whitehead,British,1914-11-12
688,brandon,,,Eric,Brandon,British,1920-07-18
689,alan_brown,,,Alan,Brown,British,1919-11-20
690,nuckey,,,Rodney,Nuckey,British,1929-06-26
691,lang,,,Hermann,Lang,German,1909-04-06
692,helfrich,,,Theo,Helfrich,German,1913-05-13
693,wacker,,,Fred,Wacker,American,1918-07-10
694,riu,,,Giovanni,de Riu,Italian,1925-03-10
695,galvez,,,Oscar,Gálvez,Argentine,1913-08-17
696,john_barber,,,John,Barber,British,1929-07-22
697,bonetto,,,Felice,Bonetto,Italian,1903-06-09
698,cruz,,,Adolfo,Cruz,Argentine,1923-06-28
699,nalon,,,Duke,Nalon,American,1913-03-02
700,scarborough,,,Carl,Scarborough,American,1914-07-03
701,holland,,,Bill,Holland,American,1907-12-18
702,bob_scott,,,Bob,Scott,American,1928-10-04
703,legat,,,Arthur,Legat,Belgian,1898-11-01
704,cabantous,,,Yves,Cabantous,French,1904-10-08
705,crook,,,Tony,Crook,British,1920-02-16
706,jimmy_stewart,,,Jimmy,Stewart,British,1931-03-06
707,ian_stewart,,,Ian,Stewart,British,1929-07-15
708,duncan_hamilton,,,Duncan,Hamilton,British,1920-04-30
709,klodwig,,,Ernst,Klodwig,East German,1903-05-23
710,krause,,,Rudolf,Krause,East German,1907-03-30
711,karch,,,Oswald,Karch,German,1917-03-06
712,heeks,,,Willi,Heeks,German,1922-02-13
713,fitzau,,,Theo,Fitzau,East German,1923-02-10
714,adolff,,,Kurt,Adolff,German,1921-11-05
715,bechem,,,Günther,Bechem,German,1921-12-21
716,bauer,,,Erwin,Bauer,German,1912-07-17
717,hans_stuck,,,Hans,von Stuck,German,1900-12-27
718,loof,,,Ernst,Loof,German,1907-07-04
719,scherrer,,,Albert,Scherrer,Swiss,1908-02-28
720,terra,,,Max,de Terra,Swiss,1918-10-06
721,hirt,,,Peter,Hirt,Swiss,1910-03-30
722,carini,,,Piero,Carini,Italian,1921-03-06
723,fischer,,,Rudi,Fischer,Swiss,1912-04-19
724,ulmen,,,Toni,Ulmen,German,1906-01-25
725,abecassis,,,George,Abecassis,British,1913-03-21
726,george_connor,,,George,Connor,American,1906-08-16
727,rigsby,,,Jim,Rigsby,American,1923-06-06
728,james,,,Joe,James,American,1925-05-23
729,schindler,,,Bill,Schindler,American,1909-03-06
730,fonder,,,George,Fonder,American,1917-06-22
731,banks,,,Henry,Banks,American,1913-06-14
732,mcdowell,,,Johnny,McDowell,American,1915-01-29
733,miller,,,Chet,Miller,American,1902-07-19
734,ball,,,Bobby,Ball,American,1925-08-26
735,tornaco,,,Charles,de Tornaco,Belgian,1927-06-07
736,laurent,,,Roger,Laurent,Belgian,1913-02-21
737,obrien,,,Robert,O'Brien,American,1908-04-11
738,gaze,,,Tony,Gaze,Australian,1920-02-03
739,charrington,,,Robin,Montgomerie-Charrington,British,1915-06-23
740,comotti,,,Franco,Comotti,Italian,1906-07-24
741,etancelin,,,Philippe,Étancelin,French,1896-12-28
742,poore,,,Dennis,Poore,British,1916-08-19
743,thompson,,,Eric,Thompson,British,1919-11-04
744,downing,,,Ken,Downing,British,1917-12-05
745,graham_whitehead,,,Graham,Whitehead,British,1922-04-15
746,bianco,,,Gino,Bianco,Brazilian,1916-07-22
747,murray,,,David,Murray,British,1909-12-28
748,cantoni,,,Eitel,Cantoni,Uruguayan,1906-10-04
749,aston,,,Bill,Aston,British,1900-03-29
750,brudes,,,Adolf,Brudes,German,1899-10-15
751,riess,,,Fritz,Riess,German,1922-07-11
752,niedermayr,,,Helmut,Niedermayr,German,1915-11-29
753,klenk,,,Hans,Klenk,German,1919-10-28
754,balsa,,,Marcel,Balsa,French,1909-01-01
755,schoeller,,,Rudolf,Schoeller,Swiss,1902-04-27
756,pietsch,,,Paul,Pietsch,German,1911-06-20
757,peters,,,Josef,Peters,German,1914-09-16
758,lof,,,Dries,van der Lof,Dutch,1919-08-23
759,flinterman,,,Jan,Flinterman,Dutch,1919-10-02
760,dusio,,,Piero,Dusio,Italian,1899-10-13
761,crespo,,,Alberto,Crespo,Argentine,1920-01-16
762,rol,,,Franco,Rol,Italian,1908-06-05
763,sanesi,,,Consalvo,Sanesi,Italian,1911-03-28
764,guy_mairesse,,,Guy,Mairesse,French,1910-08-10
765,louveau,,,Henri,Louveau,French,1910-01-25
766,wallard,,,Lee,Wallard,American,1910-09-07
767,forberg,,,Carl,Forberg,American,1911-03-04
768,rose,,,Mauri,Rose,American,1906-05-26
769,mackey,,,Bill,Mackey,American,1927-12-15
770,green,,,Cecil,Green,American,1919-09-30
771,walt_brown,,,Walt,Brown,American,1911-12-30
772,hellings,,,Mack,Hellings,American,1915-09-14
773,levegh,,,Pierre,Levegh,French,1905-12-22
774,chaboud,,,Eugène,Chaboud,French,1907-04-12
775,gordini,,,Aldo,Gordini,French,1921-05-20
776,kelly,,,Joe,Kelly,Irish,1913-03-13
777,parker,,,Philip,Fotheringham-Parker,British,1907-09-22
778,shawe_taylor,,,Brian,Shawe Taylor,British,1915-01-28
779,john_james,,,John,James,British,1914-05-10
780,branca,,,Toni,Branca,Swiss,1916-09-15
781,richardson,,,Ken,Richardson,British,1911-08-21
782,jover,,,Juan,Jover,Spanish,1903-11-23
783,grignard,,,Georges,Grignard,French,1905-07-25
784,hampshire,,,David,Hampshire,British,1917-12-29
785,crossley,,,Geoff,Crossley,British,1921-05-11
786,fagioli,,,Luigi,Fagioli,Italian,1898-06-09
787,harrison,,,Cuth,Harrison,British,1906-07-06
788,fry,,,Joe,Fry,British,1915-10-26
789,martin,,,Eugène,Martin,French,1915-03-24
790,leslie_johnson,,,Leslie,Johnson,British,1912-03-22
791,biondetti,,,Clemente,Biondetti,Italian,1898-08-18
792,pian,,,Alfredo,Pián,Argentine,1912-10-21
793,sommer,,,Raymond,Sommer,French,1906-08-31
794,chitwood,,,Joie,Chitwood,American,1912-04-14
795,fohr,,,Myron,Fohr,American,1912-06-17
796,ader,,,Walt,Ader,American,1913-12-15
797,holmes,,,Jackie,Holmes,American,1920-09-04
798,levrett,,,Bayliss,Levrett,American,1914-02-14
799,jackson,,,Jimmy,Jackson,American,1910-07-25
800,pagani,,,Nello,Pagani,Italian,1911-10-11
801,pozzi,,,Charles,Pozzi,French,1909-08-27
802,serafini,,,Dorino,Serafini,Italian,1909-07-22
803,cantrell,,,Bill,Cantrell,American,1908-01-31
804,mantz,,,Johnny,Mantz,American,1918-09-18
805,kladis,,,Danny,Kladis,American,1917-02-10
806,oscar_gonzalez,,,Óscar,González,Uruguayan,1923-11-10
807,hulkenberg,27,HUL,Nico,Hülkenberg,German,1987-08-19
808,petrov,,PET,Vitaly,Petrov,Russian,1984-09-08
810,grassi,,DIG,Lucas,di Grassi,Brazilian,1984-08-11
811,bruno_senna,,SEN,Bruno,Senna,Brazilian,1983-10-15
812,chandhok,,CHA,Karun,Chandhok,Indian,1984-01-19
813,maldonado,13,MAL,Pastor,Maldonado,Venezuelan,1985-03-09
814,resta,,DIR,Paul,di Resta,British,1986-04-16
815,perez,11,PER,Sergio,Pérez,Mexican,1990-01-26
816,ambrosio,,DAM,Jérôme,d'Ambrosio,Belgian,1985-12-27
817,ricciardo,3,RIC,Daniel,Ricciardo,Australian,1989-07-01
818,vergne,25,VER,Jean-Éric,Vergne,French,1990-04-25
819,pic,,PIC,Charles,Pic,French,1990-02-15
820,chilton,4,CHI,Max,Chilton,British,1991-04-21
821,gutierrez,21,GUT,Esteban,Gutiérrez,Mexican,1991-08-05
822,bottas,77,BOT,Valtteri,Bottas,Finnish,1989-08-28
823,garde,,VDG,Giedo,van der Garde,Dutch,1985-04-25
824,jules_bianchi,17,BIA,Jules,Bianchi,French,1989-08-03
825,kevin_magnussen,20,MAG,Kevin,Magnussen,Danish,1992-10-05
826,kvyat,26,KVY,Daniil,Kvyat,Russian,1994-04-26
827,lotterer,45,LOT,André,Lotterer,German,1981-11-19
828,ericsson,9,ERI,Marcus,Ericsson,Swedish,1990-09-02
829,stevens,28,STE,Will,Stevens,British,1991-06-28
830,max_verstappen,33,VER,Max,Verstappen,Dutch,1997-09-30
831,nasr,12,NAS,Felipe,Nasr,Brazilian,1992-08-21
832,sainz,55,SAI,Carlos,Sainz,Spanish,1994-09-01
833,merhi,98,MER,Roberto,Merhi,Spanish,1991-03-22
834,rossi,53,RSS,Alexander,Rossi,American,1991-09-25
835,jolyon_palmer,30,PAL,Jolyon,Palmer,British,1991-01-20
836,wehrlein,94,WEH,Pascal,Wehrlein,German,1994-10-18
837,haryanto,88,HAR,Rio,Haryanto,Indonesian,1993-01-22
838,vandoorne,2,VAN,Stoffel,Vandoorne,Belgian,1992-03-26
839,ocon,31,OCO,Esteban,Ocon,French,1996-09-17
840,stroll,18,STR,Lance,Stroll,Canadian,1998-10-29
841,giovinazzi,99,GIO,Antonio,Giovinazzi,Italian,1993-12-14
843,brendon_hartley,28,HAR,Brendon,Hartley,New Zealander,1989-11-10
844,leclerc,16,LEC,Charles,Leclerc,Monegasque,1997-10-16
845,sirotkin,35,SIR,Sergey,Sirotkin,Russian,1995-08-27
846,norris,4,NOR,Lando,Norris,British,1999-11-13
847,russell,63,RUS,George,Russell,British,1998-02-15
848,albon,23,ALB,Alexander,Albon,Thai,1996-03-23
849,latifi,6,LAT,Nicholas,Latifi,Canadian,1995-06-29
850,pietro_fittipaldi,51,FIT,Pietro,Fittipaldi,Brazilian,1996-06-25
851,aitken,89,AIT,Jack,Aitken,British,1995-09-23
852,tsunoda,22,TSU,Yuki,Tsunoda,Japanese,2000-05-11
853,mazepin,9,MAZ,Nikita,Mazepin,Russian,1999-03-02
854,mick_schumacher,47,MSC,Mick,Schumacher,German,1999-03-22
855,zhou,24,ZHO,Guanyu,Zhou,Chinese,1999-05-30
856,de_vries,45,DEV,Nyck,de Vries,Dutch,1995-02-06
857,piastri,81,PIA,Oscar,Piastri,Australian,2001-04-06
858,sargeant,2,SAR,Logan,Sargeant,American,2000-12-31
